incident_count_500m,incident_count_1km,weighted_severity_score,harassment_density,poor_lighting_density,distance_to_police_km,distance_to_hospital_km,hour_of_day,is_night,is_weekend,risk_category
3,5,6.22,5,4,1.09,2.27,3,1,0,1
0,1,1.19,1,0,3.42,2.07,8,0,0,0
0,1,0.75,0,1,0.63,1.2,4,1,0,0
0,2,2.82,1,2,10.64,0.92,2,1,0,0
3,6,8.62,2,4,0.89,2.0,17,0,0,2
2,3,3.67,2,2,0.98,2.36,8,0,0,0
0,2,1.2,1,2,0.33,0.9,3,1,1,0
0,4,5.6,4,4,2.15,6.6,6,0,0,1
1,3,3.45,2,1,0.6,2.24,0,1,0,0
1,4,4.88,3,4,1.88,2.07,15,0,1,1
1,6,9.03,1,1,0.55,1.63,5,1,1,1
1,5,6.52,2,2,0.98,0.35,5,1,0,1
2,2,4.9,2,0,3.6,5.55,13,0,0,0
2,5,6.56,3,3,2.52,1.15,21,1,0,1
1,4,6.72,1,1,0.4,2.77,4,1,1,1
0,4,2.31,1,3,1.78,2.54,10,0,0,0
4,6,10.28,2,4,1.88,2.4,0,1,1,2
2,3,6.45,2,0,0.27,2.06,19,0,0,0
1,1,2.42,0,1,1.23,0.7,9,0,0,0
2,5,5.11,1,4,0.64,1.02,0,1,1,1
1,3,3.99,1,2,1.23,2.06,20,0,1,0
1,4,4.34,1,0,2.8,4.09,3,1,1,1
6,10,11.27,2,7,0.41,1.61,7,0,1,2
0,1,0.53,2,1,0.34,0.77,0,1,0,0
0,2,1.91,0,1,0.66,0.43,7,0,0,0
1,2,2.89,2,1,5.58,2.92,13,0,0,0
2,5,9.01,2,3,2.58,1.58,23,1,0,2
1,4,4.89,1,3,0.14,0.53,16,0,0,0
0,2,1.91,0,1,1.02,3.01,8,0,0,0
1,2,3.57,1,0,0.64,0.78,5,1,0,0
2,6,9.67,3,5,1.93,1.98,0,1,0,2
0,2,1.96,1,0,1.21,1.11,22,1,0,0
4,4,7.78,0,4,6.11,6.91,22,1,1,2
1,4,4.15,3,2,0.54,0.85,8,0,0,1
2,7,8.96,6,4,1.7,1.56,0,1,0,2
0,4,4.21,2,1,2.27,8.22,13,0,0,0
1,6,8.92,3,5,3.24,1.16,23,1,0,2
3,7,10.88,3,5,1.04,2.79,10,0,0,2
0,1,0.54,0,2,2.19,1.15,7,0,0,0
4,6,6.74,1,4,0.75,0.49,22,1,0,2
2,3,5.8,1,1,1.13,2.67,11,0,1,0
0,2,1.8,2,1,4.17,6.39,5,1,1,0
0,4,5.3,0,2,5.49,1.71,16,0,0,0
1,2,3.06,1,2,2.38,2.66,10,0,0,0
2,6,5.62,4,5,0.94,2.55,9,0,0,1
2,6,8.7,1,3,3.19,1.54,7,0,0,1
0,2,2.25,0,2,0.15,2.59,11,0,0,0
1,4,6.33,3,4,0.3,0.95,20,0,0,1
5,9,10.8,2,3,2.05,1.39,3,1,0,2
4,6,7.38,1,5,0.72,1.66,20,0,0,2
0,1,0.84,0,1,5.54,5.19,20,0,0,0
1,4,5.18,1,3,1.13,1.27,12,0,0,0
2,7,9.98,4,3,1.11,2.72,2,1,1,2
1,3,4.36,2,1,2.14,0.8,19,0,0,0
0,6,8.08,2,1,2.73,0.93,3,1,0,1
0,3,3.95,1,4,1.26,2.81,7,0,1,0
2,4,5.6,4,3,0.53,3.79,4,1,1,1
2,2,5.09,0,0,2.77,1.75,21,1,0,0
3,5,9.57,1,6,0.8,1.22,1,1,0,2
1,2,3.61,3,2,0.45,6.23,7,0,0,0
0,2,1.62,3,2,1.9,0.56,23,1,0,0
2,4,7.19,1,1,0.27,3.39,4,1,0,1
2,3,5.52,0,1,6.49,3.13,15,0,1,1
0,6,3.09,2,4,1.9,3.13,20,0,0,1
2,2,5.24,0,0,7.77,7.05,14,0,0,1
2,6,8.57,3,3,0.84,3.46,18,0,0,1
2,7,8.9,1,3,6.49,1.1,12,0,0,2
2,8,9.03,1,3,0.38,1.29,10,0,0,1
2,2,4.95,1,1,0.17,1.44,15,0,0,0
0,4,2.97,4,4,0.16,0.28,17,0,0,0
2,5,7.81,2,2,1.23,6.32,14,0,0,1
1,2,3.84,1,1,0.26,0.39,5,1,0,0
1,6,9.33,6,3,1.39,3.21,7,0,0,2
3,5,6.37,2,3,0.81,3.47,3,1,0,1
1,5,8.17,2,3,0.84,4.84,20,0,0,1
2,2,4.7,1,2,1.92,2.22,15,0,0,0
3,7,11.64,2,1,0.42,3.43,20,0,1,2
1,3,3.78,1,2,2.72,1.1,10,0,0,0
3,3,3.18,1,3,1.67,3.62,19,0,1,0
3,8,11.22,2,6,4.54,1.25,1,1,0,2
2,3,3.63,0,2,0.92,6.03,21,1,0,1
0,3,2.15,1,0,7.4,0.65,3,1,0,0
2,6,9.52,2,3,1.64,1.15,13,0,1,1
0,0,0.0,0,0,6.63,1.93,10,0,1,0
1,2,2.34,0,2,0.15,3.94,3,1,1,0
0,3,3.15,3,0,2.44,3.65,2,1,0,0
3,3,8.33,1,1,3.15,0.79,23,1,1,1
1,3,3.96,0,2,0.2,0.59,21,1,1,0
2,5,7.69,3,3,1.66,1.11,4,1,0,2
3,6,8.12,1,3,3.01,1.85,5,1,0,2
1,3,3.04,2,2,1.58,2.14,8,0,0,0
2,4,7.51,2,3,0.22,1.6,3,1,0,1
4,8,14.07,4,4,2.23,2.92,6,0,0,2
1,5,6.51,3,3,0.21,1.59,12,0,1,1
1,2,3.27,0,1,3.16,7.51,9,0,1,0
0,3,3.24,2,1,0.18,0.96,11,0,1,0
1,3,3.68,0,2,0.37,2.67,9,0,0,0
4,8,12.75,3,4,0.68,2.56,10,0,0,2
5,5,11.5,4,3,1.91,1.03,10,0,0,2
2,3,6.72,1,2,6.84,1.53,21,1,0,0
0,4,2.53,4,3,0.33,1.34,5,1,0,1
3,5,10.14,1,3,0.38,0.67,5,1,1,2
0,3,1.63,1,2,0.93,1.82,19,0,0,0
2,4,6.62,0,3,3.36,1.42,5,1,0,1
4,5,5.25,2,2,1.23,0.69,11,0,0,1
1,3,3.73,0,1,0.8,1.69,22,1,1,0
5,6,11.82,1,4,1.58,1.57,13,0,0,2
5,8,12.27,2,1,0.64,0.55,17,0,0,2
1,2,1.67,2,1,1.02,0.55,22,1,1,0
1,2,3.29,0,2,0.83,2.81,18,0,0,0
2,4,6.14,3,4,3.03,3.27,9,0,0,1
1,5,7.1,1,4,4.74,7.28,9,0,0,1
0,5,4.03,0,2,2.67,0.43,6,0,0,0
2,3,7.07,1,2,1.14,0.51,9,0,0,1
2,4,6.96,4,1,1.36,0.33,13,0,1,1
1,3,3.05,0,1,0.34,2.1,4,1,0,0
0,4,5.98,0,3,2.57,2.64,21,1,0,0
2,3,4.33,2,1,1.73,1.49,10,0,0,1
3,8,10.06,2,3,4.29,4.2,6,0,0,2
1,1,1.22,1,2,0.5,3.1,19,0,0,0
1,4,6.46,1,3,2.67,10.84,17,0,0,1
0,3,2.08,1,3,2.18,0.57,10,0,0,0
4,5,5.72,1,4,0.66,0.35,19,0,0,1
0,0,0.0,0,1,2.08,1.0,2,1,0,0
1,2,3.51,2,0,4.75,0.25,6,0,0,0
2,5,5.66,3,3,4.61,6.94,3,1,0,1
4,6,6.85,2,3,2.39,1.11,18,0,0,2
1,2,3.46,2,1,0.19,2.21,20,0,1,0
1,6,6.44,2,4,3.8,1.16,17,0,0,1
0,1,1.14,0,1,2.03,0.91,10,0,1,0
0,0,0.0,0,0,0.77,0.61,13,0,0,0
0,3,1.68,2,1,0.47,1.17,9,0,1,0
3,5,5.66,0,2,0.32,2.59,13,0,0,1
2,4,4.33,2,4,0.19,9.11,3,1,1,1
1,5,4.02,2,3,2.63,2.24,22,1,0,0
2,5,6.4,3,3,0.58,2.1,11,0,1,1
2,4,4.77,3,2,0.14,0.29,11,0,1,1
2,3,4.27,1,2,1.01,4.78,1,1,0,0
0,3,1.99,0,2,1.29,0.31,5,1,1,0
1,5,5.46,2,3,0.43,6.12,4,1,0,1
3,3,6.04,2,3,0.18,2.13,18,0,0,1
2,4,3.37,1,4,0.48,0.66,20,0,0,1
4,5,5.51,2,6,2.15,1.7,14,0,0,1
0,3,1.72,3,2,0.25,13.44,9,0,0,0
0,5,2.53,1,5,1.56,1.11,6,0,1,0
0,4,2.6,1,2,0.38,0.98,18,0,1,0
0,1,0.92,0,2,0.49,0.51,7,0,1,0
1,4,6.74,2,4,1.0,2.47,14,0,0,2
2,5,7.24,4,4,0.29,0.43,22,1,0,1
2,4,7.51,2,3,0.44,3.83,3,1,0,1
5,8,16.45,2,4,0.87,6.49,12,0,0,2
0,1,0.73,1,0,0.82,6.92,4,1,0,0
4,8,14.16,4,3,2.59,0.49,10,0,0,2
3,3,6.65,2,3,0.24,2.24,15,0,1,1
3,5,7.86,1,2,3.64,0.46,19,0,0,1
3,5,6.78,2,3,3.15,2.32,17,0,0,2
2,3,5.59,1,2,2.71,4.42,14,0,0,1
1,5,8.16,0,3,0.77,2.13,0,1,0,1
3,5,7.23,2,5,3.22,5.34,7,0,0,1
2,6,9.85,5,4,0.46,4.24,3,1,0,2
1,3,4.89,1,3,0.34,1.01,8,0,0,0
3,8,8.16,6,4,0.18,2.69,18,0,1,2
1,3,3.7,0,3,5.14,0.22,6,0,0,0
2,3,5.17,2,1,0.76,1.46,14,0,1,0
1,2,2.94,0,1,4.59,0.88,2,1,0,0
0,2,1.35,0,3,0.67,7.12,11,0,0,0
2,4,8.44,2,3,4.39,1.5,22,1,1,1
0,4,4.46,2,3,4.32,2.85,1,1,0,1
1,2,2.12,2,1,4.73,3.49,18,0,0,0
2,5,7.15,2,2,1.33,3.91,23,1,0,1
0,4,5.13,2,2,3.72,3.53,6,0,1,0
2,7,6.14,5,2,5.52,1.05,10,0,0,2
4,6,11.1,2,3,0.81,3.1,18,0,0,2
0,4,4.3,1,2,1.08,2.19,7,0,0,0
2,4,4.42,1,2,2.39,2.47,12,0,0,0
1,3,4.12,1,2,0.74,0.2,8,0,1,0
1,4,5.12,2,4,2.62,0.95,1,1,1,1
1,3,4.2,0,2,0.24,6.87,17,0,0,0
0,1,1.47,0,2,1.43,1.06,14,0,0,0
0,2,1.54,0,1,0.33,1.64,22,1,1,0
4,8,14.68,3,5,0.72,0.72,10,0,0,2
2,3,7.02,1,0,0.64,0.57,23,1,1,0
1,4,5.42,1,1,3.39,0.79,14,0,0,1
1,4,4.88,2,2,0.49,2.22,20,0,0,0
3,5,6.36,3,2,3.07,6.48,17,0,1,2
3,6,8.7,2,4,2.94,1.19,13,0,0,2
2,6,9.11,3,3,1.34,1.18,20,0,1,2
2,4,4.45,0,4,0.58,2.28,18,0,0,1
3,4,6.39,3,4,0.56,1.3,12,0,0,1
1,2,3.09,1,0,1.23,6.23,15,0,1,0
0,3,1.7,4,2,0.12,1.39,1,1,0,0
1,8,6.51,6,5,1.46,1.89,1,1,1,2
1,3,5.11,2,1,5.6,2.11,16,0,1,0
4,7,12.17,0,3,0.4,4.01,21,1,1,2
2,5,8.1,2,4,1.63,2.27,21,1,1,2
5,10,13.52,2,8,5.98,0.88,19,0,0,2
2,5,8.81,4,4,3.65,0.53,17,0,0,2
0,2,1.43,2,1,3.52,7.14,9,0,1,0
3,4,5.58,4,2,3.21,4.24,11,0,0,1
2,4,5.34,2,2,0.77,0.26,2,1,0,1
3,6,11.5,2,3,4.08,4.51,5,1,0,2
1,6,8.22,2,3,5.2,2.43,19,0,0,1
8,11,12.73,4,4,1.33,2.03,4,1,1,2
1,3,2.51,1,3,0.89,0.23,20,0,0,1
2,4,8.5,2,3,1.06,4.0,7,0,0,1
2,5,9.34,4,3,0.83,0.75,17,0,0,2
0,2,1.1,1,3,0.53,3.45,15,0,1,0
3,7,10.08,4,3,1.83,0.24,13,0,1,2
4,7,12.02,4,2,1.59,4.18,5,1,0,2
0,2,1.61,1,2,1.22,0.26,10,0,1,0
0,1,0.65,0,2,0.28,0.87,5,1,0,0
3,5,6.33,2,3,2.97,0.98,4,1,0,1
0,4,2.26,2,1,0.45,0.63,14,0,1,0
0,1,0.79,0,1,0.32,1.84,5,1,0,0
1,2,2.38,1,0,1.86,1.03,20,0,0,0
1,2,1.89,3,1,1.02,12.71,15,0,0,0
2,3,3.27,0,1,0.21,2.37,17,0,0,0
2,4,6.05,2,4,0.89,2.29,20,0,0,1
2,5,5.06,3,3,2.76,0.82,0,1,0,1
2,5,9.96,3,4,1.82,1.51,2,1,0,2
2,4,5.09,2,2,0.91,0.53,22,1,0,1
1,3,4.06,2,1,0.48,3.79,19,0,0,0
1,2,2.42,1,3,1.9,1.21,23,1,0,0
0,3,3.19,0,1,4.03,3.69,2,1,1,0
0,1,1.31,2,1,1.97,1.36,6,0,0,0
0,1,0.69,1,1,3.12,11.42,13,0,1,0
0,2,2.74,1,2,1.43,0.67,17,0,0,0
1,4,6.29,2,1,2.38,0.2,23,1,0,1
2,4,7.13,0,2,4.18,2.46,14,0,0,1
1,3,3.07,3,2,2.77,7.84,12,0,1,0
0,3,1.56,2,2,4.43,2.8,18,0,0,0
0,1,1.09,0,0,1.12,0.42,21,1,0,0
0,2,2.73,3,2,4.32,2.14,1,1,0,0
1,3,4.81,2,2,1.85,6.21,6,0,0,0
0,4,2.85,2,0,3.77,0.22,12,0,1,0
0,2,1.18,1,2,0.17,0.66,3,1,1,0
1,4,5.74,0,4,2.03,4.41,5,1,0,0
1,6,8.55,3,2,3.49,5.81,17,0,1,2
1,4,4.12,0,2,0.44,3.27,18,0,0,0
2,5,6.73,2,3,2.05,12.14,14,0,1,1
2,4,4.95,2,1,3.24,0.44,2,1,1,1
2,3,3.82,3,0,0.71,2.17,19,0,0,0
0,4,4.82,2,2,1.04,3.09,16,0,0,1
0,1,1.31,0,1,1.62,3.23,15,0,0,0
1,5,6.82,4,1,1.42,4.14,12,0,0,1
2,3,3.92,2,3,0.17,6.44,21,1,1,1
1,5,6.96,2,3,0.29,1.32,21,1,0,1
1,3,4.07,0,1,0.29,0.31,19,0,1,0
3,3,3.6,2,2,0.65,1.33,7,0,0,1
2,5,8.92,4,5,0.61,2.98,20,0,0,2
1,4,4.14,3,1,2.54,0.8,13,0,0,0
0,1,1.25,2,1,1.63,4.35,3,1,1,0
1,5,8.07,1,3,2.7,0.82,6,0,0,1
1,1,2.71,1,0,0.23,0.23,9,0,1,0
4,5,6.13,2,1,1.3,1.97,14,0,0,1
0,2,2.91,0,0,0.8,3.44,15,0,0,0
3,5,9.31,3,2,3.51,1.28,7,0,0,2
0,2,1.26,1,0,2.31,3.65,1,1,1,0
1,5,5.01,1,4,3.76,1.64,16,0,0,1
2,4,5.21,0,5,0.19,0.67,5,1,0,1
2,2,2.77,0,0,2.4,0.44,15,0,0,0
0,3,1.78,1,2,1.5,3.3,1,1,0,0
0,4,4.96,1,0,3.24,1.42,23,1,0,0
1,5,6.84,1,1,1.37,6.3,20,0,1,1
0,3,3.68,1,1,1.5,2.14,17,0,0,0
1,5,5.24,4,2,0.2,1.27,10,0,1,1
1,4,5.17,2,4,2.09,1.27,11,0,0,0
1,4,2.86,1,2,0.67,0.55,4,1,0,0
1,3,2.91,3,2,0.14,2.45,1,1,0,0
4,6,8.32,3,2,0.22,2.38,21,1,0,2
0,2,2.67,1,0,5.78,4.22,23,1,0,0
3,7,8.71,3,5,0.86,0.76,17,0,1,2
1,2,1.55,1,0,3.75,1.06,21,1,0,0
0,3,2.56,1,4,5.88,0.46,5,1,1,0
1,2,2.58,1,0,5.26,1.08,0,1,0,0
1,4,6.67,2,3,3.94,1.6,8,0,1,1
0,3,4.32,1,4,4.15,8.51,14,0,0,1
1,4,4.16,2,1,0.71,2.85,7,0,0,0
1,2,1.92,1,1,0.4,4.02,13,0,0,0
2,10,8.15,5,6,1.94,1.18,3,1,0,2
1,5,6.5,2,1,1.31,0.59,6,0,1,1
0,0,0.0,1,1,0.29,0.94,19,0,0,0
3,5,8.28,2,1,2.14,0.94,7,0,0,1
3,6,8.89,4,2,1.59,2.39,9,0,0,2
1,2,3.41,2,0,3.68,1.24,17,0,0,0
3,6,5.37,3,5,1.79,5.07,17,0,0,2
2,4,4.3,2,1,1.64,11.37,18,0,0,0
0,0,0.0,0,0,1.15,1.25,3,1,0,0
3,4,8.61,4,2,1.22,3.25,12,0,0,2
1,3,4.57,0,1,5.66,2.88,5,1,0,0
0,1,0.62,1,1,0.37,0.74,20,0,0,0
0,1,0.87,0,0,1.16,6.45,12,0,1,0
3,7,9.21,3,5,2.02,0.76,22,1,1,2
3,5,11.39,2,3,1.12,3.54,21,1,1,2
1,3,3.89,3,1,0.7,1.27,15,0,1,0
2,4,7.55,2,1,0.71,1.34,19,0,1,1
1,3,3.49,4,2,0.58,1.72,9,0,0,1
1,2,3.24,1,2,0.86,5.2,8,0,0,0
2,5,6.78,1,2,3.8,0.58,6,0,1,1
2,5,7.68,1,0,1.37,0.34,16,0,0,1
0,5,4.99,3,2,0.59,1.49,23,1,0,1
4,6,8.69,1,4,0.97,0.34,19,0,0,2
0,0,0.0,0,1,0.3,3.11,6,0,1,0
1,2,3.65,0,0,4.32,3.77,1,1,1,0
1,2,3.52,1,1,1.04,5.02,18,0,0,0
3,5,8.08,3,1,7.18,3.6,0,1,1,1
1,4,4.44,2,2,0.87,6.4,1,1,1,0
1,6,7.17,1,3,3.36,3.65,4,1,0,1
2,4,3.59,1,4,0.63,7.08,17,0,1,1
1,3,3.86,1,0,0.24,0.74,5,1,1,0
3,8,12.6,1,5,0.16,1.93,5,1,0,2
1,3,3.95,2,2,1.78,12.96,21,1,0,0
0,2,2.21,1,2,0.77,3.06,15,0,0,0
2,3,5.25,0,2,1.16,5.47,15,0,0,0
2,5,7.81,2,1,3.17,0.28,2,1,1,1
2,6,9.86,2,5,0.61,5.33,2,1,0,2
0,5,6.22,2,1,0.76,3.19,22,1,0,1
5,6,15.64,3,3,3.46,0.67,3,1,1,2
0,1,0.6,0,2,1.32,0.27,5,1,1,0
2,7,6.31,2,2,3.26,0.95,23,1,0,1
4,7,15.74,4,4,0.94,6.39,2,1,1,2
2,4,5.42,1,3,1.01,2.96,8,0,0,1
4,9,11.12,4,8,0.43,6.5,2,1,0,2
0,3,2.07,1,2,4.57,1.68,5,1,1,0
2,4,7.95,1,2,4.19,7.1,20,0,1,1
1,4,4.65,2,3,7.57,1.75,19,0,1,1
2,2,2.24,1,2,1.03,0.77,23,1,0,0
2,5,8.57,2,3,3.17,0.61,8,0,0,1
1,8,7.83,4,6,1.06,12.91,14,0,1,2
0,2,1.82,2,0,1.19,1.22,8,0,0,0
0,1,1.0,2,0,3.29,0.64,4,1,0,0
1,2,2.69,1,2,0.45,0.22,20,0,1,0
2,4,5.32,3,4,0.55,1.04,15,0,0,1
1,1,2.74,0,1,0.78,5.7,2,1,0,0
1,4,3.64,2,4,2.89,2.11,8,0,0,0
1,5,7.51,1,5,0.94,2.7,16,0,1,1
1,3,3.25,0,3,0.9,6.59,2,1,1,0
3,7,9.86,3,5,12.23,2.0,6,0,0,2
1,4,6.3,2,4,0.97,4.75,6,0,0,1
1,4,5.53,1,3,0.61,1.18,20,0,0,1
0,2,2.1,1,2,1.86,9.64,5,1,1,0
0,5,6.87,2,0,3.01,0.41,19,0,0,1
2,5,8.34,2,1,0.23,3.43,7,0,1,1
2,2,2.85,1,0,1.84,2.9,3,1,0,0
1,3,5.1,1,0,0.17,0.73,14,0,0,0
1,3,5.1,1,1,1.45,1.43,5,1,1,1
0,3,2.2,2,3,0.63,1.14,15,0,0,0
3,6,11.0,1,4,0.76,0.45,4,1,1,2
2,5,8.56,1,2,1.23,2.4,11,0,0,1
0,4,3.38,2,3,4.81,12.86,13,0,0,0
2,3,3.58,1,2,2.33,2.25,5,1,0,1
0,3,2.44,1,1,5.07,2.17,2,1,0,0
1,3,4.28,0,3,2.04,0.3,18,0,0,0
0,2,2.93,1,1,0.11,0.57,9,0,1,0
0,3,3.59,2,2,0.66,2.0,6,0,0,0
1,3,3.68,3,1,4.35,10.73,12,0,1,1
1,2,3.66,1,1,1.96,5.43,0,1,0,1
0,4,5.61,0,3,7.3,1.24,0,1,0,1
1,4,4.24,2,1,0.41,2.16,16,0,0,0
3,5,9.88,1,5,0.73,2.21,21,1,1,2
0,1,0.9,0,0,0.91,3.09,3,1,0,0
2,4,5.46,1,2,0.81,3.11,13,0,0,1
0,0,0.0,1,1,0.62,4.1,5,1,0,0
0,3,3.49,2,3,1.15,0.26,13,0,0,0
0,2,2.0,1,1,1.95,7.39,14,0,0,0
0,1,1.16,1,0,0.77,0.38,0,1,0,0
2,4,7.44,1,3,0.25,1.82,19,0,0,1
2,2,2.83,1,0,2.32,6.5,15,0,0,0
2,7,6.31,3,4,1.21,1.87,3,1,1,2
2,5,7.27,2,4,1.56,0.36,1,1,1,2
1,4,4.3,3,2,1.19,0.85,0,1,0,1
2,2,3.87,1,1,4.08,2.36,12,0,0,0
4,8,14.69,4,4,1.57,0.43,15,0,0,2
0,6,6.51,2,5,4.72,1.58,7,0,1,1
1,3,3.62,2,2,1.39,1.2,21,1,0,0
1,4,6.13,2,3,0.72,4.42,3,1,0,1
0,2,2.66,2,1,0.89,0.49,1,1,1,0
3,6,12.17,1,2,1.43,3.07,12,0,1,2
1,3,5.59,2,1,1.46,1.5,4,1,1,1
1,2,2.59,1,1,2.19,2.42,22,1,1,0
1,4,3.62,1,2,0.56,0.78,19,0,1,0
3,5,10.7,0,3,2.04,2.55,20,0,0,2
0,1,1.44,1,1,2.81,3.0,23,1,0,0
0,1,0.71,0,1,2.13,0.38,12,0,1,0
4,5,5.26,1,2,1.28,4.55,4,1,1,1
0,3,1.95,3,2,8.72,5.14,15,0,0,0
2,3,3.82,2,2,1.03,0.36,5,1,0,0
1,2,2.91,0,0,0.3,2.51,15,0,0,0
0,3,1.69,2,0,3.2,2.45,21,1,1,0
1,3,4.01,1,2,0.53,0.23,23,1,0,1
1,2,2.08,2,1,2.35,1.25,12,0,0,0
1,2,3.09,2,0,0.45,8.88,10,0,0,0
2,5,5.97,3,1,0.13,2.23,20,0,1,1
2,5,4.79,1,1,0.41,6.97,0,1,0,0
2,4,5.2,2,4,0.95,3.01,3,1,0,1
0,4,3.35,0,3,0.3,0.27,2,1,0,0
1,2,3.93,0,1,0.5,0.4,17,0,0,0
0,1,1.27,1,2,2.7,3.4,22,1,0,0
2,4,5.68,0,3,2.74,2.22,15,0,0,1
1,2,3.47,1,2,3.16,0.54,12,0,0,0
0,1,1.03,1,0,3.41,2.58,12,0,0,0
3,6,11.28,2,3,1.08,4.36,6,0,0,2
1,6,5.11,0,2,3.74,3.7,23,1,0,0
2,3,6.36,2,2,1.44,0.91,14,0,1,1
1,4,4.58,3,0,1.24,0.95,14,0,0,0
0,4,4.56,2,1,2.38,8.79,4,1,0,0
1,3,4.08,2,0,0.53,5.66,16,0,0,1
2,2,4.36,0,1,2.9,1.16,21,1,0,1
4,7,12.74,0,5,1.11,4.54,21,1,0,2
2,4,7.44,2,2,0.35,0.64,10,0,0,1
1,5,3.79,1,4,0.33,0.75,23,1,1,0
2,5,6.63,3,3,0.42,0.7,12,0,0,1
2,6,8.18,2,3,4.08,0.43,9,0,0,2
2,6,8.4,2,2,8.57,5.02,14,0,1,1
1,3,3.86,2,3,0.89,2.36,1,1,0,1
6,8,16.92,4,2,0.72,0.95,10,0,1,2
1,2,3.39,1,2,0.54,4.92,10,0,0,0
1,6,3.55,4,4,3.23,4.26,21,1,0,2
0,0,0.0,1,0,0.52,0.47,0,1,0,0
0,4,2.87,4,1,4.74,2.78,7,0,0,0
2,5,6.39,3,2,2.08,3.4,16,0,1,1
0,2,1.09,1,2,4.19,3.35,7,0,0,0
1,3,4.11,2,3,1.55,3.41,12,0,0,0
2,4,6.51,0,4,2.21,0.66,22,1,0,1
2,7,9.12,2,3,1.84,1.15,4,1,0,2
0,1,0.65,0,1,3.3,4.85,5,1,1,0
1,4,5.14,1,0,3.35,5.92,19,0,0,0
5,6,9.05,2,5,1.7,1.02,13,0,1,2
2,3,6.66,0,1,1.9,0.26,16,0,1,1
4,10,11.41,6,5,4.69,5.11,15,0,0,2
2,9,12.41,5,7,4.88,1.38,8,0,0,2
0,1,1.23,0,1,2.06,1.2,18,0,0,0
1,5,5.35,1,3,0.11,1.27,1,1,0,1
1,1,2.18,1,0,0.3,1.54,3,1,0,0
0,2,1.58,2,1,3.61,1.39,19,0,1,0
0,2,2.95,2,3,0.26,2.29,8,0,0,0
2,4,8.25,5,2,0.53,0.41,3,1,0,2
1,2,3.92,3,1,0.57,9.1,4,1,0,0
2,5,7.68,2,1,1.75,7.09,5,1,0,1
3,6,9.25,2,3,1.65,7.01,19,0,0,2
1,5,7.58,3,3,0.72,5.49,0,1,0,1
2,6,9.17,2,1,0.52,2.9,12,0,0,2
2,3,7.03,2,2,2.7,0.82,17,0,0,1
1,3,5.44,1,2,5.03,0.33,2,1,0,0
0,4,2.07,3,3,0.2,0.46,19,0,1,0
0,2,1.72,1,0,0.36,1.18,4,1,0,0
2,7,5.47,3,5,1.95,1.95,12,0,1,1
4,5,12.15,2,3,3.04,12.7,9,0,0,2
2,3,5.46,3,1,2.92,1.63,2,1,1,1
0,2,2.09,0,3,2.39,2.06,10,0,0,0
1,5,7.3,4,1,4.03,3.17,0,1,1,1
1,3,2.57,2,2,0.54,0.7,14,0,1,0
2,7,9.31,4,3,0.3,6.95,23,1,1,2
2,3,5.85,2,2,1.82,2.08,23,1,1,1
5,7,8.52,3,4,3.21,1.01,3,1,0,2
0,2,2.56,0,0,1.67,7.04,14,0,0,0
1,7,6.99,2,4,6.03,2.66,6,0,0,2
1,4,3.88,3,3,2.96,1.85,14,0,0,1
1,3,3.87,2,3,2.27,2.37,3,1,0,0
0,0,0.0,0,0,0.21,3.65,2,1,0,0
1,2,4.3,1,1,0.31,0.62,22,1,0,1
2,4,7.76,2,3,2.87,5.2,13,0,0,1
2,5,4.96,1,1,0.5,8.22,5,1,0,1
2,4,6.78,2,3,0.15,2.29,0,1,0,1
6,7,15.7,2,1,4.45,3.07,8,0,0,2
3,7,6.13,1,3,4.09,5.11,11,0,0,1
0,3,3.13,1,3,0.54,1.37,17,0,1,0
2,5,8.34,2,4,2.83,12.55,2,1,1,2
1,3,3.53,0,2,0.19,3.05,20,0,0,0
2,3,5.8,1,3,0.7,1.58,18,0,0,1
3,8,10.43,2,5,1.86,3.03,2,1,0,2
1,1,1.31,0,1,2.69,2.04,23,1,0,0
2,6,10.71,1,6,0.12,0.5,13,0,0,2
3,4,5.47,1,3,0.81,4.17,3,1,1,1
3,8,12.29,2,4,0.53,2.28,12,0,1,2
2,4,4.17,3,2,12.18,4.17,12,0,1,1
2,5,7.53,2,4,2.1,0.62,1,1,0,1
1,6,4.84,1,2,1.04,2.13,20,0,0,1
0,1,1.37,0,0,0.24,3.84,1,1,0,0
1,4,4.53,1,1,1.74,11.32,9,0,0,0
1,2,2.69,2,0,1.95,5.59,10,0,0,0
4,7,12.16,2,3,3.15,5.19,23,1,0,2
1,1,2.33,0,2,0.71,0.91,14,0,1,0
0,4,5.33,1,3,7.27,4.75,2,1,1,0
1,2,3.92,1,1,1.14,0.66,13,0,0,0
3,6,5.71,0,4,0.73,0.75,17,0,1,1
2,4,4.17,2,2,0.87,0.49,18,0,0,0
0,2,2.27,1,1,1.42,5.07,18,0,0,0
2,7,9.69,0,3,5.07,0.49,0,1,0,2
0,7,8.73,3,5,2.49,0.57,18,0,0,1
2,7,8.61,4,3,1.65,0.91,2,1,0,2
1,5,7.25,2,1,0.42,2.33,19,0,0,1
2,6,9.53,2,2,0.39,5.5,7,0,1,1
2,4,4.69,2,3,1.36,1.55,16,0,0,0
3,7,8.29,2,4,2.45,2.18,0,1,1,2
0,3,4.24,2,1,2.6,0.66,5,1,0,0
0,1,0.52,1,0,0.56,0.97,16,0,0,0
2,4,4.17,0,3,0.29,0.56,20,0,0,0
2,8,10.86,4,5,0.97,1.52,0,1,0,2
5,9,11.14,4,4,4.61,2.43,12,0,0,2
0,1,0.52,0,2,1.52,1.04,23,1,0,0
0,2,1.13,2,3,0.79,4.88,11,0,1,0
3,3,5.62,2,1,0.8,10.14,4,1,0,1
0,1,1.46,0,1,0.35,0.52,21,1,0,0
0,3,3.16,3,0,1.25,0.25,19,0,0,0
2,4,6.32,2,3,2.92,4.1,12,0,0,0
1,5,5.41,3,2,6.33,0.73,7,0,0,0
1,4,3.79,3,1,1.35,1.29,11,0,0,0
2,5,5.99,2,4,0.43,1.45,8,0,0,1
0,6,4.64,2,4,2.17,6.41,16,0,0,0
0,2,1.9,2,0,2.64,2.89,13,0,1,0
1,7,7.17,2,1,0.23,0.3,6,0,0,1
1,2,3.35,0,1,3.52,0.24,3,1,1,0
3,7,12.37,2,4,3.28,0.76,23,1,0,2
1,2,3.47,2,2,1.25,1.16,6,0,0,0
2,6,9.6,4,3,1.58,1.86,16,0,1,2
2,6,7.21,1,3,2.35,4.75,16,0,0,1
1,5,3.82,3,4,2.13,1.15,0,1,1,1
1,2,3.79,0,1,0.13,1.38,1,1,0,0
0,4,2.44,4,3,0.34,1.2,17,0,0,0
1,5,7.44,2,3,0.42,0.22,8,0,0,1
0,1,1.28,0,2,2.64,7.96,4,1,1,0
1,3,4.47,0,1,1.14,0.57,0,1,1,1
3,5,9.79,1,2,1.52,1.05,6,0,0,1
0,2,2.48,0,0,2.77,0.55,1,1,0,0
0,4,4.77,3,3,0.85,1.89,2,1,0,1
2,2,5.96,0,1,2.59,6.93,3,1,0,0
1,3,4.08,3,1,1.15,0.47,2,1,0,1
4,6,6.4,3,6,0.95,1.65,18,0,0,2
2,5,6.74,3,4,0.83,0.26,11,0,1,1
3,5,8.71,1,5,6.13,3.88,14,0,1,2
3,3,5.24,3,1,2.76,2.76,3,1,1,1
0,3,3.98,2,3,0.14,3.21,23,1,1,0
1,6,4.32,4,3,5.78,1.8,0,1,0,1
1,5,7.58,4,0,2.79,6.15,15,0,1,2
2,6,8.13,1,3,0.39,1.52,5,1,0,1
3,6,10.44,1,3,0.24,2.0,16,0,1,2
1,3,4.46,2,1,0.76,3.17,4,1,0,1
3,5,5.86,3,3,1.86,2.04,22,1,0,1
1,3,3.55,2,3,1.83,0.72,12,0,0,0
0,2,1.12,1,1,0.68,1.15,11,0,1,0
1,5,7.24,3,2,1.16,0.44,0,1,1,1
3,6,10.42,2,3,0.53,1.62,11,0,1,2
1,4,5.43,1,4,0.19,2.55,21,1,0,1
1,6,8.15,2,1,1.41,0.52,1,1,1,1
2,5,6.45,1,3,0.87,2.69,17,0,1,1
4,9,13.23,3,3,1.51,5.78,8,0,1,2
1,6,4.99,5,5,5.37,1.23,15,0,0,1
1,3,2.71,2,1,0.38,0.83,19,0,0,0
3,3,5.06,3,2,0.1,5.79,14,0,0,1
2,6,4.41,4,3,0.24,3.14,21,1,0,1
2,5,7.76,2,4,1.22,0.48,9,0,1,2
2,4,5.24,3,1,2.31,1.51,1,1,0,1
2,6,8.26,4,4,1.66,3.0,3,1,0,2
1,1,1.63,2,0,1.33,2.34,17,0,1,0
0,1,0.58,1,2,0.89,2.61,18,0,0,0
2,4,5.12,1,2,0.77,2.29,17,0,0,0
1,3,4.08,0,2,0.95,4.2,13,0,0,0
1,3,3.13,0,2,1.8,1.17,7,0,0,0
2,6,9.89,5,3,0.43,3.28,4,1,0,2
0,5,4.47,2,2,2.76,12.0,4,1,1,1
0,0,0.0,1,1,1.64,1.44,7,0,0,0
1,1,1.91,1,2,0.66,4.11,10,0,0,0
2,4,6.16,2,2,1.35,0.91,23,1,0,1
2,5,6.68,0,4,6.02,1.03,22,1,0,1
0,1,1.37,0,0,0.14,7.03,20,0,0,0
0,2,2.09,1,3,0.5,0.27,6,0,0,0
3,4,8.91,2,2,1.17,0.81,12,0,1,1
3,5,6.69,1,2,1.93,1.85,16,0,0,1
0,1,1.32,1,1,0.53,1.48,18,0,0,0
1,4,6.24,1,3,4.92,2.68,2,1,0,1
2,8,11.79,4,5,1.95,0.74,1,1,0,2
0,4,5.44,0,2,3.88,0.38,5,1,0,0
2,4,5.7,2,2,0.82,1.35,18,0,0,1
1,3,4.49,1,0,3.28,2.06,14,0,1,0
0,0,0.0,1,0,0.96,2.26,3,1,0,0
2,4,6.27,1,2,0.62,2.5,18,0,0,0
4,6,10.14,3,3,4.47,2.19,6,0,1,2
2,2,5.42,2,1,0.27,0.91,19,0,0,0
0,3,3.53,0,2,5.25,3.82,20,0,0,0
1,3,4.89,0,2,1.2,0.43,13,0,0,0
0,2,1.71,2,1,8.94,0.75,6,0,1,0
2,5,7.23,2,4,1.5,3.56,19,0,1,1
3,4,6.7,1,0,2.65,1.02,13,0,0,1
4,11,13.48,4,6,0.11,1.9,21,1,0,2
3,6,11.31,0,1,1.34,1.19,21,1,0,2
3,8,6.78,2,5,2.51,1.97,4,1,0,2
2,3,5.18,1,2,2.85,1.26,14,0,0,0
0,4,5.41,3,2,0.41,13.08,11,0,0,0
2,3,6.62,1,2,1.08,1.31,16,0,1,1
4,6,12.74,3,1,1.08,2.67,23,1,0,2
3,4,7.54,3,1,0.3,5.68,20,0,0,1
4,7,7.71,2,4,1.15,2.74,4,1,1,2
1,4,3.59,2,3,3.06,2.29,18,0,1,1
1,5,3.83,3,2,0.74,2.31,9,0,0,0
1,3,5.0,1,1,1.12,1.92,11,0,1,0
2,4,7.21,1,2,5.94,4.32,1,1,0,1
1,4,4.66,4,3,0.16,0.33,16,0,0,1
1,4,5.23,4,2,1.71,5.61,4,1,0,0
0,3,4.09,1,3,2.55,2.41,14,0,0,0
3,5,5.25,0,3,2.68,4.92,19,0,0,1
2,4,4.36,1,0,2.37,0.23,22,1,0,0
1,5,5.88,2,2,2.43,5.29,12,0,0,1
1,3,3.56,1,2,0.21,0.52,19,0,0,0
2,4,5.6,2,3,1.47,3.39,10,0,0,1
5,7,14.24,5,2,2.85,1.55,17,0,0,2
0,1,0.97,0,2,0.28,3.06,8,0,0,0
0,0,0.0,1,0,0.12,2.67,15,0,0,0
2,4,4.69,0,2,3.13,0.65,23,1,0,1
1,6,4.58,0,1,2.34,2.01,14,0,1,0
2,6,9.0,2,5,1.06,1.01,3,1,1,2
1,4,5.78,0,3,5.18,2.25,23,1,0,1
1,6,4.65,2,2,2.72,3.55,11,0,0,1
2,2,5.32,2,3,6.29,0.41,12,0,0,1
2,2,5.04,0,1,4.87,2.01,8,0,0,0
1,4,2.93,2,3,1.28,2.6,14,0,0,0
0,0,0.0,0,1,2.63,1.08,17,0,0,0
1,2,3.49,0,2,2.09,7.84,19,0,0,0
2,3,6.08,1,3,3.1,2.04,21,1,0,1
1,4,3.43,3,3,2.89,0.7,6,0,0,1
3,6,7.26,2,6,0.4,0.49,20,0,0,2
0,2,1.11,1,1,0.58,2.15,11,0,1,0
5,7,10.88,5,3,0.66,1.38,9,0,0,2
0,2,2.11,2,2,3.17,0.73,6,0,0,0
2,2,4.95,0,2,3.1,0.28,13,0,0,0
2,4,8.49,2,2,1.33,2.29,14,0,0,1
1,5,6.52,2,1,1.67,2.48,3,1,0,1
3,7,8.99,4,5,3.26,0.58,7,0,0,2
2,7,12.18,3,6,0.77,2.5,18,0,0,2
0,1,1.27,0,1,0.19,7.79,18,0,1,0
2,5,7.71,2,2,1.29,9.78,4,1,0,1
0,2,2.73,1,0,4.51,5.68,21,1,0,0
0,1,1.23,1,0,2.91,4.31,2,1,1,0
2,3,5.15,3,2,0.92,0.79,9,0,0,1
1,3,2.75,3,3,0.22,0.63,14,0,0,0
3,4,8.13,2,1,1.92,1.67,1,1,0,1
2,3,6.33,1,2,3.34,2.62,20,0,0,1
3,5,6.66,2,3,2.07,4.95,9,0,0,1
0,1,0.81,1,0,1.1,0.86,21,1,0,0
2,6,7.71,5,3,0.34,1.83,15,0,0,1
0,1,1.2,1,1,4.45,2.81,2,1,0,0
0,1,1.42,0,2,0.68,1.67,6,0,0,0
1,4,3.97,2,2,0.56,1.71,18,0,1,1
1,4,5.89,2,3,3.15,0.84,14,0,1,1
1,2,3.84,1,1,7.25,10.99,11,0,0,0
1,3,3.84,2,1,2.04,1.81,1,1,1,0
1,4,4.55,1,1,1.86,2.1,12,0,0,0
3,5,9.57,0,2,0.79,0.82,19,0,1,2
1,4,3.3,1,0,0.14,2.0,18,0,0,0
4,7,8.69,2,3,0.48,0.94,6,0,1,2
1,4,4.0,0,3,1.68,0.77,23,1,1,1
2,4,5.88,3,3,0.4,1.01,2,1,0,1
1,6,8.61,2,1,3.97,0.21,5,1,0,2
1,4,5.19,3,2,0.48,2.31,0,1,1,0
2,6,10.37,1,3,1.43,1.43,20,0,0,2
3,4,8.08,0,2,1.39,5.92,1,1,0,1
1,1,1.22,1,1,1.77,0.3,0,1,0,0
4,7,9.8,2,4,0.81,0.31,22,1,0,2
1,3,5.0,3,0,3.82,5.63,3,1,0,0
1,3,5.28,0,1,1.16,0.54,4,1,0,0
3,4,9.84,1,1,2.27,0.21,1,1,0,1
1,6,7.76,4,2,1.92,0.69,15,0,1,1
1,4,6.19,1,4,0.32,4.54,7,0,0,1
2,3,5.46,0,1,1.85,4.26,14,0,0,1
1,7,6.21,2,4,1.54,1.24,10,0,0,1
3,5,7.44,2,3,4.22,2.96,9,0,1,2
2,2,4.51,0,0,3.93,1.97,2,1,0,0
1,6,5.25,2,2,0.39,6.08,22,1,1,1
4,4,10.62,3,3,0.25,0.35,10,0,0,2
2,4,6.81,3,3,0.73,4.39,16,0,0,1
1,4,7.11,0,2,7.86,0.67,9,0,0,1
3,5,10.02,1,2,0.14,1.44,16,0,0,1
1,3,3.45,1,2,2.11,0.73,13,0,1,0
4,11,14.03,5,4,1.79,3.23,22,1,0,2
0,2,1.44,1,0,1.97,3.04,0,1,0,0
1,6,9.4,4,2,0.54,2.18,8,0,1,2
0,3,4.04,2,1,0.56,3.19,23,1,0,0
1,4,3.59,0,1,1.11,2.75,23,1,0,0
0,2,2.9,1,1,0.28,3.95,14,0,1,0
0,2,2.44,0,2,0.24,0.88,3,1,0,0
3,5,6.18,1,3,0.27,1.6,19,0,1,1
1,6,7.37,1,1,1.63,0.61,20,0,1,1
1,3,5.21,0,2,1.01,1.6,2,1,0,0
1,6,6.15,3,4,0.73,3.22,19,0,0,1
2,7,11.44,3,1,0.78,3.14,20,0,0,2
0,2,1.17,0,0,0.52,3.29,6,0,0,0
2,5,8.33,5,2,1.05,1.12,20,0,1,2
1,5,4.56,2,2,0.51,2.91,21,1,0,1
2,5,8.8,1,5,2.26,1.35,2,1,0,1
0,2,2.5,0,2,0.34,7.43,21,1,0,0
0,6,3.95,3,2,5.43,1.25,21,1,0,1
1,2,3.73,3,2,0.27,2.51,14,0,0,0
1,4,3.78,2,2,5.27,3.67,9,0,1,1
4,7,12.03,5,2,3.32,6.12,15,0,0,2
2,5,4.17,2,2,2.15,1.64,16,0,1,1
0,2,2.68,1,2,4.48,1.32,22,1,0,0
2,7,11.66,3,1,0.37,1.61,18,0,0,2
1,3,5.35,2,1,0.45,1.18,0,1,0,0
3,4,9.56,1,1,0.62,2.85,0,1,1,2
1,3,4.65,2,1,0.61,6.95,20,0,0,0
0,1,0.98,0,1,0.77,0.54,13,0,1,0
1,1,2.98,1,2,1.64,2.26,1,1,1,0
0,3,3.51,1,2,0.15,5.9,1,1,1,0
1,4,5.87,2,3,0.97,0.46,19,0,0,1
0,4,3.41,1,4,0.61,1.9,9,0,0,0
2,3,5.41,1,0,1.78,5.21,14,0,0,1
2,5,7.61,2,2,7.68,5.97,14,0,0,1
2,5,8.69,3,2,1.41,2.01,6,0,1,1
0,0,0.0,1,0,1.1,0.26,7,0,1,0
1,2,3.16,2,1,0.93,0.48,10,0,1,0
2,6,7.53,2,2,2.87,2.41,15,0,0,2
1,2,3.76,3,0,0.23,0.53,22,1,0,1
5,7,13.5,4,4,5.88,0.6,6,0,0,2
2,5,3.91,1,4,1.07,3.9,19,0,0,1
1,2,1.91,0,1,0.78,3.67,8,0,1,0
3,6,6.18,2,1,6.67,4.83,18,0,1,1
3,5,8.81,2,3,5.04,0.48,23,1,0,2
1,6,8.6,4,2,1.95,0.75,0,1,0,2
3,4,6.96,3,1,0.13,4.67,17,0,0,1
0,1,0.8,1,1,2.58,3.39,7,0,0,0
1,6,9.25,2,4,0.84,4.3,7,0,0,2
0,0,0.0,0,1,0.98,11.65,21,1,0,0
0,2,1.57,1,2,0.41,5.2,7,0,0,0
3,5,7.85,1,2,1.43,2.04,13,0,1,1
2,5,5.96,3,2,2.56,1.13,23,1,0,1
0,1,1.47,0,0,0.67,2.31,1,1,1,0
0,4,4.07,2,4,5.13,2.74,2,1,0,1
0,4,5.58,2,3,0.49,1.22,6,0,1,0
2,4,4.73,3,0,0.22,3.88,2,1,1,1
0,2,2.72,0,2,1.96,0.44,14,0,0,0
0,2,1.11,2,1,3.51,3.98,10,0,0,0
2,4,8.35,5,4,5.61,0.28,1,1,0,2
2,7,10.37,4,5,2.72,1.92,21,1,0,2
0,4,3.45,2,1,0.5,5.14,17,0,0,0
3,3,3.27,2,2,6.94,0.43,13,0,0,0
0,3,3.76,1,2,4.63,2.02,17,0,1,0
3,6,9.26,3,2,0.42,0.63,1,1,0,2
3,5,9.51,3,3,1.57,5.83,3,1,0,2
1,3,4.87,2,2,1.56,4.66,13,0,0,0
2,5,7.94,3,1,1.15,6.99,6,0,1,1
1,7,10.32,3,4,7.58,5.4,14,0,0,2
3,4,8.09,1,3,0.21,3.53,5,1,0,1
0,0,0.0,0,0,1.88,0.71,4,1,1,0
0,1,0.55,0,1,0.51,1.1,19,0,0,0
2,3,3.59,1,2,1.45,1.92,17,0,0,0
4,4,9.71,0,1,2.82,2.42,10,0,0,1
3,4,7.0,1,3,0.61,4.01,7,0,0,2
2,6,6.04,4,1,1.0,0.84,11,0,0,1
3,4,5.46,2,1,5.52,0.54,17,0,1,1
0,6,6.12,0,2,2.68,1.85,14,0,0,1
0,1,1.04,1,1,1.63,0.63,7,0,0,0
2,4,6.86,1,3,0.55,3.16,3,1,0,1
3,6,10.92,2,3,1.1,2.34,20,0,0,2
2,2,5.23,1,1,2.78,3.58,14,0,0,0
3,9,8.46,6,6,3.19,0.36,10,0,1,2
1,5,5.6,0,1,0.6,8.56,0,1,1,1
1,2,2.21,1,1,2.05,0.2,1,1,0,0
1,3,4.01,2,0,0.28,1.18,7,0,0,0
1,8,9.89,6,1,0.14,3.05,15,0,0,2
2,4,5.11,1,2,1.53,0.32,0,1,1,1
3,5,10.76,2,2,0.56,0.42,2,1,0,2
2,7,12.89,1,3,0.25,0.4,17,0,0,2
0,4,3.89,2,3,2.46,2.38,15,0,1,0
1,2,4.33,0,0,1.34,5.86,20,0,0,0
1,5,6.19,3,4,2.96,2.23,19,0,0,1
2,4,7.48,0,3,2.06,2.51,19,0,0,1
0,5,4.16,2,2,2.46,1.26,12,0,0,0
3,5,6.98,2,3,0.76,0.25,19,0,1,1
3,4,9.23,4,2,0.65,0.25,3,1,0,2
1,1,1.78,1,0,1.75,5.68,3,1,0,0
1,3,3.06,1,3,0.5,0.47,21,1,0,0
1,2,2.45,0,1,3.14,21.36,1,1,1,0
1,2,3.22,0,2,1.43,0.65,12,0,1,0
2,3,7.03,2,3,0.56,3.01,12,0,0,1
0,3,2.38,2,0,1.87,7.64,19,0,0,0
2,8,14.5,4,3,5.32,1.32,6,0,0,2
3,5,4.61,0,1,0.25,3.51,6,0,0,0
2,2,3.46,2,2,0.31,1.28,16,0,0,0
0,1,0.6,1,2,3.44,1.11,9,0,0,0
2,4,6.55,4,2,0.31,0.76,11,0,1,1
2,7,4.94,3,2,0.17,4.5,22,1,0,1
0,4,4.24,1,1,0.87,0.94,21,1,0,0
1,2,2.84,1,2,1.23,1.03,15,0,1,0
0,2,1.39,0,3,1.62,17.39,1,1,0,0
0,4,3.47,2,1,1.37,1.19,21,1,0,0
5,8,8.72,4,1,4.5,1.57,20,0,0,2
2,4,5.57,1,2,2.74,11.73,8,0,0,1
2,4,5.66,1,0,7.52,1.35,11,0,1,1
2,4,5.47,0,3,1.26,1.34,16,0,0,0
1,1,2.32,2,1,0.26,4.6,15,0,0,0
0,5,7.28,1,3,5.7,1.13,4,1,1,1
0,3,2.68,1,2,0.11,0.87,18,0,0,0
2,5,6.8,1,2,2.79,1.58,16,0,0,1
2,4,5.04,1,1,0.16,3.22,21,1,0,0
3,8,13.79,4,5,2.68,0.31,2,1,1,2
2,4,8.11,3,3,5.1,1.37,16,0,0,2
0,2,3.0,0,1,0.99,1.26,14,0,0,0
0,2,2.55,1,1,0.6,0.9,18,0,0,0
2,2,4.8,1,0,0.56,2.86,14,0,1,0
2,5,8.36,5,1,1.32,1.06,17,0,1,2
1,5,5.62,1,3,0.44,2.53,11,0,0,1
3,4,9.19,0,2,2.11,1.95,11,0,1,1
0,4,4.83,2,2,0.93,0.81,23,1,1,0
1,4,4.99,1,3,0.8,0.98,2,1,0,1
2,4,4.27,0,2,1.21,0.67,10,0,0,0
1,6,7.59,3,3,1.51,0.35,22,1,0,1
2,5,7.28,3,1,0.38,2.61,9,0,0,2
1,3,4.61,1,3,2.31,2.99,21,1,1,1
0,4,2.73,2,2,3.96,0.65,14,0,0,0
1,3,3.69,1,1,0.69,2.59,22,1,0,0
1,3,3.66,2,2,0.46,10.26,10,0,0,0
2,5,7.02,2,2,2.67,0.39,22,1,1,1
4,9,12.28,4,6,0.47,1.89,0,1,0,2
1,3,5.38,1,3,0.18,3.5,19,0,0,0
2,4,8.0,1,3,1.84,0.32,3,1,1,1
1,3,4.42,1,2,0.59,3.97,20,0,1,0
3,7,8.23,3,1,0.44,9.92,20,0,1,2
1,5,7.03,3,3,7.29,0.43,7,0,0,1
0,1,1.21,0,1,0.72,4.52,19,0,0,0
1,2,2.79,0,1,4.31,1.39,12,0,0,0
3,4,7.74,1,3,0.45,0.59,16,0,0,1
2,2,5.11,0,2,3.18,1.9,14,0,0,0
2,7,8.77,4,2,1.35,0.39,20,0,0,2
1,1,2.94,1,0,0.25,2.05,0,1,1,0
0,3,4.21,2,2,2.48,0.25,2,1,0,0
4,8,12.8,3,5,4.11,3.46,23,1,0,2
2,5,6.36,4,4,0.42,1.87,20,0,0,1
2,3,6.99,3,2,2.43,1.74,22,1,0,1
0,3,3.61,2,3,1.16,0.75,16,0,1,1
1,3,4.78,2,2,2.62,1.32,21,1,0,1
1,3,4.22,1,0,2.35,0.7,23,1,0,0
2,3,6.25,3,3,0.15,3.52,21,1,0,1
0,2,1.93,2,1,0.45,0.75,3,1,0,0
3,6,9.69,6,2,1.25,2.6,7,0,1,2
3,6,6.5,3,3,4.98,1.02,14,0,1,2
0,3,1.81,2,1,0.85,2.87,7,0,0,0
3,4,9.42,2,2,1.88,2.14,13,0,0,1
0,5,4.07,1,2,0.12,1.58,5,1,0,0
2,5,4.17,2,2,2.34,2.99,23,1,0,1
2,4,6.7,3,0,1.76,1.54,21,1,0,1
1,3,3.26,0,2,2.36,4.51,14,0,0,0
4,9,15.31,4,6,4.33,3.47,19,0,1,2
2,5,5.51,2,4,0.39,2.14,21,1,0,1
2,6,4.41,2,4,0.65,5.44,8,0,0,1
2,5,7.29,4,2,9.94,4.61,23,1,1,2
1,6,6.51,4,4,0.41,2.1,22,1,1,2
0,2,1.19,1,1,2.4,0.38,4,1,0,0
0,7,7.67,2,1,2.42,2.29,12,0,1,1
2,6,8.89,2,4,2.17,1.3,6,0,1,2
2,3,3.87,1,2,0.56,2.14,16,0,0,0
4,5,12.13,2,4,0.54,2.8,7,0,1,2
3,5,7.26,1,3,2.08,2.79,4,1,0,1
2,4,5.48,2,1,0.47,3.0,22,1,0,1
0,3,1.69,1,3,2.05,3.04,6,0,0,0
2,5,7.1,3,3,1.32,0.49,7,0,1,1
1,3,3.88,1,3,0.98,0.73,6,0,0,0
1,4,5.48,2,3,0.74,2.69,21,1,0,0
4,7,14.11,1,3,5.41,1.51,11,0,0,2
2,4,8.01,4,1,1.38,3.8,5,1,0,1
1,5,5.27,2,2,1.58,0.53,20,0,0,0
2,4,7.2,0,1,5.47,0.73,20,0,0,1
2,8,8.99,3,3,2.01,2.24,3,1,0,2
1,9,8.46,5,4,5.8,1.94,22,1,1,2
1,3,5.76,2,3,0.3,0.97,2,1,0,0
3,8,12.64,4,6,3.47,1.51,4,1,1,2
4,6,14.2,1,4,0.84,0.29,18,0,0,2
1,6,7.05,3,1,3.09,0.29,7,0,0,1
1,4,4.51,3,2,3.58,0.45,4,1,0,1
0,2,1.78,1,2,0.67,2.35,12,0,0,0
1,4,4.47,3,1,1.05,5.18,9,0,1,1
2,3,6.68,1,3,2.43,0.95,5,1,0,1
2,5,9.8,1,4,0.29,0.29,0,1,0,1
0,0,0.0,1,0,2.64,3.28,10,0,0,0
0,1,0.8,1,1,0.31,5.03,19,0,0,0
1,3,4.84,0,1,4.53,0.57,8,0,0,0
5,7,16.41,2,4,0.68,1.42,15,0,0,2
3,3,7.66,2,0,1.64,0.63,14,0,0,1
1,1,2.26,0,0,0.32,0.48,4,1,0,0
2,5,7.61,0,3,0.67,2.81,14,0,0,1
1,4,5.46,1,3,1.03,8.77,0,1,0,1
1,2,3.5,2,2,1.3,3.03,14,0,0,0
2,5,3.82,4,3,0.1,10.67,3,1,0,1
3,8,9.4,3,5,4.05,1.62,15,0,1,2
1,5,5.12,2,4,0.11,5.9,21,1,0,1
2,2,3.54,1,3,2.77,0.77,6,0,0,0
2,3,6.53,1,3,1.24,0.51,22,1,0,1
0,3,1.92,2,3,1.44,3.23,7,0,0,0
2,5,9.58,1,3,0.52,1.36,20,0,0,2
1,3,3.66,1,2,1.78,1.16,21,1,0,0
1,8,6.14,4,2,1.49,2.98,1,1,0,2
1,2,2.7,0,0,0.42,1.21,11,0,0,0
1,5,6.6,2,4,0.59,2.32,1,1,0,1
0,2,2.03,1,2,0.22,1.09,13,0,0,0
5,8,10.78,4,4,0.22,4.03,18,0,0,2
0,1,1.02,0,1,0.12,1.14,19,0,0,0
1,7,10.32,2,1,0.55,2.11,5,1,0,2
0,5,5.05,2,2,2.15,0.26,21,1,0,0
4,6,11.58,5,3,0.78,4.12,18,0,0,2
2,6,6.26,1,3,0.86,2.62,16,0,0,1
0,0,0.0,1,1,0.35,0.73,2,1,0,0
5,8,8.52,4,2,1.64,0.81,19,0,1,2
1,3,4.08,2,2,0.85,0.96,9,0,0,0
2,6,8.67,1,3,2.13,2.35,23,1,0,2
3,5,4.74,1,5,2.53,2.19,12,0,0,1
2,5,8.46,0,4,1.68,1.0,19,0,0,1
1,7,6.31,2,3,0.68,3.16,22,1,0,1
1,3,3.57,3,4,1.38,5.7,17,0,0,0
4,7,15.8,1,4,0.62,0.31,18,0,0,2
1,3,4.52,1,1,4.3,1.55,16,0,0,0
1,6,4.41,0,3,2.72,2.45,7,0,0,1
1,4,4.11,2,1,1.32,2.41,17,0,0,0
0,3,3.2,1,2,6.16,0.25,6,0,1,0
2,6,10.21,1,5,1.52,0.79,22,1,1,2
1,4,5.05,1,3,0.82,0.36,10,0,1,1
1,9,7.84,5,4,0.28,2.3,2,1,0,2
0,4,3.75,0,2,1.51,2.79,1,1,1,0
1,2,2.86,0,0,3.64,0.64,18,0,1,0
0,3,3.6,0,1,3.73,1.21,23,1,1,0
0,0,0.0,1,0,1.77,1.2,10,0,0,0
0,2,1.36,1,1,1.0,4.48,7,0,1,0
0,2,2.9,2,2,1.99,0.74,10,0,0,0
2,3,4.41,2,2,2.68,2.19,1,1,0,1
1,4,6.45,1,1,1.05,4.02,11,0,0,0
2,5,8.24,2,2,1.26,4.62,8,0,1,1
1,4,5.08,1,2,2.15,2.95,5,1,0,1
1,1,2.33,0,0,3.87,1.09,11,0,0,0
4,7,10.88,3,3,2.92,4.53,17,0,1,2
1,6,4.86,3,2,0.14,3.59,4,1,0,1
1,3,2.43,0,2,0.34,3.25,21,1,1,0
3,4,6.45,0,4,3.55,0.37,16,0,1,1
3,5,7.23,3,3,3.33,0.31,15,0,0,2
1,4,4.13,2,3,0.99,3.17,11,0,0,0
1,6,9.64,1,2,1.68,7.44,1,1,0,2
2,3,4.87,0,3,4.35,3.91,15,0,1,1
1,1,1.03,2,0,4.47,4.65,0,1,1,0
1,3,4.18,2,1,2.85,2.17,19,0,0,0
2,6,8.56,6,2,0.52,1.11,1,1,0,2
0,1,0.74,0,1,2.46,3.03,12,0,0,0
3,8,10.29,3,4,0.29,3.31,15,0,1,2
1,3,4.09,1,4,4.14,3.01,0,1,0,1
0,1,1.09,1,1,0.39,7.53,18,0,0,0
5,7,12.14,1,3,2.05,1.34,3,1,1,2
1,6,9.59,1,3,1.8,0.3,19,0,0,1
1,1,2.29,0,1,2.8,6.18,2,1,0,0
0,4,4.8,2,3,1.54,0.64,1,1,1,0
1,4,4.8,2,3,0.21,3.19,11,0,0,1
2,3,4.65,2,2,2.3,5.36,23,1,0,1
0,2,2.85,2,2,0.97,1.13,12,0,0,0
1,5,6.99,3,4,0.79,4.64,17,0,0,1
4,8,15.73,3,2,8.72,1.21,4,1,0,2
1,2,2.57,3,1,1.71,4.15,22,1,1,0
2,5,6.19,2,3,2.33,0.38,11,0,0,1
4,9,14.26,2,6,1.45,2.86,18,0,0,2
1,2,1.67,3,1,2.75,3.03,0,1,0,0
1,4,5.16,0,4,2.61,1.89,8,0,0,0
2,4,5.0,2,1,2.03,3.1,0,1,0,1
0,2,1.1,1,1,11.07,6.62,23,1,0,0
1,2,3.39,1,1,1.21,3.51,17,0,0,0
2,4,4.08,2,4,2.3,8.33,22,1,0,1
0,3,2.34,1,1,2.98,1.69,2,1,0,0
2,7,9.73,3,3,0.95,2.08,5,1,1,2
0,5,6.93,3,2,1.2,0.97,21,1,0,1
1,3,3.0,1,2,6.36,10.8,3,1,0,0
2,5,8.4,2,4,0.16,0.34,23,1,0,2
0,0,0.0,0,0,0.84,1.31,11,0,0,0
3,7,10.41,4,5,1.3,1.08,11,0,0,2
1,3,4.42,2,3,0.1,1.42,4,1,0,0
2,8,9.15,5,2,4.23,6.44,22,1,0,2
0,2,2.49,0,2,0.71,1.35,20,0,0,0
0,4,5.39,0,1,0.64,6.42,12,0,0,0
1,5,4.79,1,2,3.19,1.58,11,0,0,1
0,2,2.63,0,2,0.69,5.02,3,1,0,0
2,6,8.73,3,4,2.03,2.04,5,1,1,2
1,2,3.73,3,1,3.2,1.13,18,0,0,0
3,4,6.81,1,0,2.93,1.69,5,1,0,1
4,7,13.38,5,5,2.84,1.58,5,1,0,2
1,5,6.84,0,3,0.27,0.95,10,0,0,1
1,3,4.54,3,1,0.25,1.05,21,1,1,1
3,5,8.73,1,3,0.76,0.72,13,0,1,1
1,5,6.66,4,1,0.17,1.22,2,1,0,1
1,3,5.06,0,1,1.35,2.65,7,0,0,0
0,1,1.36,2,1,1.0,1.42,3,1,1,0
1,4,6.12,1,2,1.57,3.31,15,0,1,0
2,2,4.76,1,1,0.74,11.05,17,0,0,0
1,2,2.6,1,2,1.3,1.38,6,0,0,0
2,5,7.62,2,2,0.83,1.75,10,0,0,1
3,6,9.82,3,3,0.49,0.65,7,0,1,2
2,4,7.62,4,2,1.99,1.44,19,0,1,1
1,1,1.78,1,1,2.11,3.44,5,1,0,0
2,6,11.35,3,2,3.28,0.81,23,1,0,2
5,6,11.94,1,4,3.84,0.7,15,0,1,2
1,4,4.07,2,2,2.29,1.38,4,1,1,1
1,2,3.04,1,0,2.19,4.47,5,1,0,0
2,5,6.16,4,1,0.21,2.64,5,1,0,1
2,6,8.87,2,3,0.31,8.1,1,1,0,2
2,4,5.61,2,1,3.11,6.07,6,0,0,1
1,3,2.95,1,2,0.58,0.61,8,0,0,0
2,2,2.85,0,1,0.89,0.31,14,0,0,0
4,7,12.54,2,4,0.38,1.47,20,0,1,2
4,6,10.22,2,5,0.49,2.05,13,0,1,2
0,3,2.23,1,2,2.79,2.01,20,0,0,0
4,6,8.2,1,4,0.65,0.56,12,0,1,1
2,8,13.56,5,5,1.17,0.53,4,1,0,2
2,5,9.28,0,4,0.4,0.32,16,0,0,1
3,4,6.29,3,1,2.14,4.96,4,1,1,1
0,2,2.77,0,2,2.45,7.58,23,1,0,0
1,4,4.39,0,4,0.91,0.51,2,1,1,1
2,7,8.58,3,3,2.86,0.8,8,0,0,2
1,5,7.37,2,2,0.59,0.44,8,0,0,1
3,4,3.64,2,4,2.22,5.45,21,1,0,1
0,0,0.0,0,1,2.46,8.17,3,1,0,0
3,10,14.38,3,4,6.33,0.96,19,0,0,2
5,9,10.59,4,6,0.58,1.1,10,0,1,2
0,1,1.1,1,1,0.28,1.33,16,0,0,0
1,2,3.11,1,1,0.65,1.95,13,0,0,0
1,6,9.41,4,3,0.34,3.07,9,0,0,2
0,7,9.91,4,4,0.43,1.95,4,1,1,2
1,3,3.06,1,3,0.83,7.74,20,0,0,0
2,6,7.46,4,3,1.06,0.46,20,0,0,2
2,4,4.79,3,3,4.31,4.21,16,0,1,1
0,1,1.16,1,1,0.49,1.22,15,0,1,0
3,8,7.5,2,4,6.52,1.39,0,1,1,2
0,6,5.49,4,2,3.09,3.28,9,0,0,1
1,2,2.9,0,1,3.94,6.83,11,0,0,0
1,3,4.17,0,3,4.87,3.35,17,0,1,0
4,4,4.48,1,1,2.62,3.94,0,1,1,1
1,3,3.83,2,3,2.9,3.67,23,1,1,1
3,7,9.52,5,3,1.14,1.17,11,0,0,2
1,3,4.33,2,0,1.39,3.74,19,0,1,0
2,4,6.96,4,1,4.95,4.04,5,1,0,1
2,3,4.81,0,2,0.96,2.11,7,0,0,0
1,4,2.93,0,2,0.18,2.12,13,0,0,0
4,6,6.47,3,4,2.69,3.76,4,1,1,2
0,2,2.59,3,2,1.63,4.45,21,1,0,0
1,2,3.65,1,1,3.14,1.23,3,1,0,0
1,5,5.79,0,3,0.24,4.24,21,1,1,1
0,4,4.58,1,2,1.85,4.41,15,0,0,0
1,4,6.59,1,4,0.61,0.87,5,1,0,1
2,4,4.67,1,2,4.3,3.36,2,1,1,1
1,7,9.08,1,2,0.31,0.72,3,1,1,2
1,3,5.47,3,1,3.43,0.44,21,1,0,1
0,3,3.62,1,2,0.27,2.34,7,0,1,0
1,3,3.9,2,2,0.15,6.18,13,0,0,0
1,6,3.84,1,5,0.58,0.29,6,0,1,1
1,3,2.77,0,3,0.83,4.58,3,1,1,0
1,3,3.71,2,1,1.87,1.97,18,0,0,0
2,7,8.52,4,3,0.35,5.13,10,0,1,2
3,5,6.26,2,4,1.14,4.84,14,0,0,2
1,3,4.76,3,3,0.51,5.4,23,1,0,1
2,8,7.12,4,3,3.58,3.86,15,0,1,2
2,2,2.42,0,1,0.18,4.83,5,1,0,0
0,4,3.68,1,4,0.89,0.68,11,0,0,0
6,6,13.03,3,3,1.9,1.11,7,0,0,2
0,3,3.91,1,2,4.5,0.89,9,0,0,0
2,4,4.98,1,4,3.74,3.59,10,0,1,1
2,5,6.5,2,4,4.16,0.62,8,0,1,1
1,5,5.49,2,2,0.22,0.7,16,0,0,1
0,2,2.06,2,1,3.41,5.48,13,0,0,0
1,9,11.64,2,4,2.82,3.26,2,1,0,2
0,0,0.0,0,1,4.29,5.41,8,0,0,0
4,10,14.78,4,10,0.77,0.58,19,0,0,2
3,6,9.6,3,4,4.47,1.47,17,0,0,2
2,3,6.89,2,2,1.03,1.03,16,0,0,1
0,1,1.49,2,0,1.91,0.22,4,1,0,0
2,4,6.2,3,3,1.09,1.04,19,0,1,1
2,5,7.24,2,2,1.1,1.39,20,0,1,2
0,5,5.11,1,3,1.52,0.44,20,0,1,0
2,2,4.26,1,2,0.89,2.29,23,1,0,0
0,1,0.88,1,1,2.93,1.41,5,1,1,0
0,2,2.17,2,3,1.91,0.32,2,1,1,0
1,4,6.09,4,0,2.21,3.24,15,0,1,1
1,3,3.93,2,2,0.57,3.47,14,0,0,0
1,5,6.22,2,2,6.39,4.7,7,0,0,1
0,3,2.79,0,2,2.04,1.86,8,0,0,0
0,2,2.46,0,2,0.5,8.86,3,1,0,0
1,3,2.56,0,0,2.6,6.34,12,0,1,0
1,4,3.39,0,2,0.44,2.2,23,1,0,0
1,3,3.14,1,1,0.22,1.67,2,1,0,0
3,4,6.84,1,1,1.45,0.21,20,0,0,1
2,5,5.0,2,3,1.55,3.3,6,0,0,1
2,9,11.7,4,3,0.48,2.28,15,0,1,2
0,3,2.2,2,2,0.87,7.13,16,0,0,0
2,4,7.82,2,1,5.35,2.45,16,0,0,1
1,6,9.97,2,3,0.7,12.55,18,0,0,2
2,3,5.02,3,2,0.4,5.01,19,0,0,1
1,2,3.7,0,1,8.92,7.88,16,0,1,0
0,1,0.78,2,1,0.75,1.19,23,1,1,0
1,5,6.82,1,4,2.15,0.6,1,1,0,1
2,4,4.33,2,1,0.57,4.18,4,1,1,1
4,7,14.59,1,4,1.54,4.06,15,0,0,2
1,4,5.14,0,2,0.98,0.79,21,1,0,1
1,3,4.44,1,1,5.97,3.82,10,0,1,0
2,2,5.59,2,1,1.12,2.38,21,1,0,1
0,1,1.19,0,0,1.68,0.49,5,1,0,0
6,8,9.02,3,5,5.31,1.94,10,0,0,2
1,3,2.93,1,0,8.26,6.89,0,1,1,0
0,0,0.0,0,0,0.29,1.97,18,0,1,0
0,0,0.0,1,0,3.34,4.09,2,1,0,0
3,6,9.73,4,3,0.97,0.27,7,0,0,2
2,3,3.13,1,2,1.73,3.46,21,1,0,0
1,7,6.16,2,3,0.95,7.54,17,0,1,1
2,5,7.86,1,4,1.02,1.93,12,0,0,1
3,3,5.04,3,3,0.41,1.23,0,1,1,1
0,3,1.51,1,2,1.63,2.8,19,0,1,0
0,1,1.37,1,1,1.52,6.4,16,0,0,0
2,5,7.06,2,3,0.48,0.69,4,1,0,2
2,4,7.58,4,1,1.5,1.49,11,0,0,1
2,4,4.32,1,2,6.61,0.62,10,0,0,0
1,2,2.55,1,0,2.36,1.92,23,1,0,0
2,7,9.6,3,7,1.28,2.14,17,0,0,2
0,2,2.78,3,1,4.56,7.42,7,0,0,0
0,0,0.0,1,1,1.64,1.53,23,1,0,0
1,4,4.51,2,2,0.36,2.29,21,1,1,0
0,2,1.65,2,2,1.53,5.61,23,1,1,0
4,8,14.37,3,3,0.46,1.17,12,0,1,2
1,3,4.52,2,3,2.73,3.0,1,1,0,0
5,9,9.85,5,3,6.25,3.74,22,1,0,2
2,7,12.63,3,5,0.91,1.2,15,0,0,2
2,3,6.16,2,3,1.13,0.65,11,0,0,1
7,11,21.56,4,6,1.09,1.95,7,0,0,2
2,3,3.06,1,0,0.7,1.3,3,1,0,0
2,5,9.06,4,2,2.95,0.97,13,0,0,2
2,4,4.4,1,3,1.83,9.27,8,0,0,0
0,4,3.08,1,1,0.22,1.94,10,0,0,0
0,1,1.36,1,0,3.39,5.05,15,0,0,0
2,7,8.54,2,4,0.47,0.74,5,1,0,1
1,4,5.6,2,2,7.07,7.21,11,0,1,1
2,3,5.54,3,1,0.95,4.15,18,0,0,1
0,1,1.22,1,1,1.82,4.33,15,0,0,0
1,4,4.75,3,2,0.25,1.43,12,0,0,0
2,6,7.83,1,2,0.86,1.86,3,1,0,1
1,3,3.94,3,2,3.02,2.45,11,0,1,1
2,3,5.02,2,1,1.27,4.1,3,1,0,0
2,4,5.81,0,3,4.33,4.93,16,0,1,1
4,10,11.17,4,3,1.64,0.4,13,0,0,2
1,4,4.2,4,3,4.85,6.06,16,0,0,1
1,5,3.96,1,2,7.39,7.13,0,1,1,1
1,1,1.06,1,1,1.19,2.45,19,0,1,0
0,3,3.46,3,1,1.6,0.72,0,1,0,1
1,3,3.59,0,0,3.34,4.47,21,1,1,0
1,5,5.49,2,4,0.55,2.19,1,1,0,1
0,0,0.0,0,0,3.66,4.45,16,0,0,0
0,3,2.83,1,2,1.71,4.42,22,1,0,0
0,2,2.61,1,3,2.43,0.43,21,1,1,0
3,4,6.59,0,2,0.25,2.54,0,1,0,1
2,5,8.28,3,2,2.72,1.85,11,0,1,1
1,3,4.35,0,1,0.77,7.5,12,0,0,0
4,7,7.89,2,6,3.04,1.08,13,0,0,2
2,4,7.15,2,3,1.38,0.78,9,0,1,1
0,2,2.62,1,2,0.68,5.88,11,0,0,0
1,5,6.65,1,2,5.59,0.6,21,1,0,1
2,5,3.68,3,4,2.71,3.1,17,0,0,1
0,3,4.36,3,2,7.74,1.09,6,0,1,1
0,6,7.67,4,2,0.92,2.3,18,0,0,1
2,4,7.85,2,3,1.99,2.59,14,0,0,1
3,8,9.48,5,4,1.8,1.55,6,0,0,2
2,5,7.91,4,0,2.19,9.42,13,0,1,2
2,2,3.78,1,2,0.17,0.55,8,0,0,0
1,2,3.97,1,0,0.72,1.44,4,1,1,1
0,2,1.8,0,1,4.42,1.61,0,1,1,0
1,5,6.84,2,2,1.09,2.69,15,0,0,1
1,3,3.45,3,1,5.92,1.51,4,1,0,1
0,6,5.5,3,3,0.53,0.46,23,1,0,1
1,4,4.88,2,5,10.83,7.56,7,0,0,1
1,5,5.01,1,2,2.25,1.54,18,0,0,0
1,8,7.89,2,3,2.8,1.25,19,0,1,1
2,5,5.23,2,3,1.01,1.68,11,0,0,1
3,6,5.32,5,2,4.38,0.81,7,0,0,1
1,2,3.96,1,0,1.52,0.46,7,0,0,0
2,5,9.79,3,1,2.16,0.6,22,1,0,2
4,6,13.78,1,1,0.28,0.66,5,1,0,2
2,6,8.06,3,3,1.9,0.75,19,0,1,2
0,4,2.64,2,2,3.9,1.56,8,0,0,0
2,3,5.57,2,1,0.45,2.64,1,1,0,0
3,7,9.64,0,5,2.51,2.68,17,0,1,2
1,5,4.78,1,1,0.15,0.2,0,1,0,0
1,3,3.16,1,3,4.79,6.54,10,0,1,0
1,6,8.29,5,3,7.43,4.53,14,0,0,2
2,3,3.97,0,0,0.89,8.51,11,0,1,0
4,7,14.25,1,6,0.3,1.32,2,1,0,2
4,5,9.31,2,2,2.03,2.93,18,0,0,2
1,3,4.86,1,2,0.15,0.66,19,0,0,0
1,3,4.14,2,1,1.29,4.45,18,0,0,0
6,7,9.89,5,4,0.67,0.64,9,0,1,2
1,1,2.92,1,1,1.25,1.19,15,0,0,0
2,3,3.96,3,1,0.13,1.89,5,1,0,1
0,3,3.67,2,1,0.2,2.46,8,0,0,0
1,6,6.76,2,4,0.13,2.25,7,0,0,1
3,6,6.73,4,2,1.84,0.47,21,1,0,1
4,8,10.66,4,2,1.58,1.57,15,0,0,2
3,4,7.75,1,2,0.58,6.61,7,0,0,1
2,3,4.45,2,3,1.97,5.35,23,1,0,1
0,3,2.97,1,1,3.98,2.43,21,1,1,0
1,6,6.35,1,2,0.68,2.32,17,0,0,1
1,7,6.82,4,5,3.31,0.5,4,1,0,2
3,6,12.01,4,2,2.06,0.76,19,0,0,2
4,5,4.9,3,3,0.16,0.93,11,0,1,2
1,3,3.59,1,3,0.95,1.87,5,1,0,0
1,2,1.79,2,2,1.38,3.49,1,1,0,0
1,3,4.66,0,0,2.47,1.74,3,1,0,0
1,2,3.28,1,1,0.71,0.54,15,0,0,0
2,5,8.58,1,1,7.41,1.65,23,1,0,1
2,2,2.95,0,3,2.18,0.64,13,0,1,0
2,5,5.49,2,5,0.94,3.68,16,0,0,1
3,7,9.22,3,3,0.28,0.66,18,0,0,2
1,4,5.17,3,3,0.46,1.85,3,1,1,1
2,3,4.93,4,3,1.3,3.16,17,0,0,1
1,2,1.65,2,1,1.33,0.85,11,0,0,0
2,6,10.32,2,2,2.73,0.4,1,1,0,1
1,3,3.43,2,0,2.43,2.27,5,1,1,0
1,3,5.52,2,2,0.5,0.34,5,1,0,0
2,3,4.07,1,3,1.73,2.42,2,1,0,1
1,3,4.49,2,3,0.14,3.7,7,0,0,0
1,3,5.48,1,1,1.02,1.2,11,0,0,0
0,3,4.13,1,1,2.7,1.88,2,1,0,0
1,3,4.3,1,2,1.02,6.8,1,1,1,0
1,3,4.44,2,3,3.35,1.79,20,0,0,1
2,6,8.03,3,4,6.83,14.38,22,1,1,2
0,2,2.84,1,1,1.78,0.63,0,1,0,0
2,6,9.48,3,3,0.38,3.29,17,0,1,2
3,3,7.28,3,1,0.96,2.84,17,0,1,1
0,0,0.0,1,0,0.12,5.35,7,0,0,0
2,3,4.9,1,4,1.76,0.44,21,1,0,1
2,5,5.38,1,1,3.2,1.02,13,0,1,1
1,6,6.02,3,3,1.89,0.55,12,0,0,1
2,3,7.08,1,1,2.88,6.96,14,0,0,1
0,2,1.23,0,1,3.0,1.59,14,0,1,0
3,5,6.73,2,3,3.53,6.22,12,0,0,1
3,3,6.25,2,2,0.66,1.07,3,1,0,1
0,0,0.0,1,1,3.79,0.54,3,1,1,0
1,1,1.04,1,1,2.01,1.08,4,1,0,0
2,3,3.93,1,2,0.72,2.47,2,1,0,1
1,3,3.98,2,0,7.96,4.86,11,0,0,0
2,3,3.51,1,3,5.5,1.42,19,0,0,0
0,4,4.63,2,2,1.64,6.36,11,0,1,0
1,7,5.91,0,5,3.44,0.9,19,0,1,1
3,4,9.61,2,2,0.65,3.16,6,0,0,2
2,5,8.28,2,0,1.07,3.53,6,0,1,1
3,5,7.69,3,1,0.47,1.0,0,1,0,2
1,2,3.92,1,3,1.42,0.27,11,0,0,0
0,4,3.92,1,2,1.33,1.34,2,1,0,0
2,3,5.8,0,1,0.53,0.32,14,0,0,0
1,1,2.29,0,0,2.11,5.98,8,0,0,0
1,4,5.23,2,2,0.33,7.87,21,1,0,1
0,1,1.38,0,0,0.21,3.52,21,1,0,0
2,4,5.41,0,2,0.97,3.44,19,0,0,0
1,5,4.98,2,2,1.05,0.89,8,0,1,1
6,9,14.01,5,5,0.79,0.39,13,0,1,2
3,5,9.21,2,1,0.64,4.25,2,1,1,1
0,5,7.24,2,2,0.84,2.25,7,0,0,1
2,4,4.33,3,3,0.42,3.06,5,1,0,1
1,2,4.23,2,0,1.03,3.98,11,0,0,0
2,6,7.23,2,3,4.33,1.52,1,1,0,2
3,7,13.3,4,3,0.56,0.59,2,1,0,2
2,6,6.59,3,2,2.18,4.16,13,0,0,1
2,7,9.0,6,4,0.38,1.71,16,0,0,2
2,5,8.1,2,3,0.89,4.59,2,1,1,2
0,0,0.0,1,1,0.8,1.64,3,1,0,0
1,1,1.35,1,0,5.08,0.81,14,0,0,0
0,4,2.47,2,2,1.11,0.67,21,1,0,0
2,9,9.87,5,3,2.21,3.61,6,0,0,2
2,3,3.61,1,2,1.76,2.34,18,0,0,0
1,1,1.66,0,1,0.37,1.5,13,0,0,0
0,1,1.39,1,1,5.15,1.89,15,0,1,0
0,1,0.65,2,1,0.86,2.19,12,0,0,0
0,3,3.41,1,1,0.18,0.88,22,1,0,0
4,5,9.59,2,5,0.74,1.39,19,0,0,2
1,3,4.1,2,1,0.84,1.06,16,0,0,0
1,3,5.42,0,3,0.28,1.43,16,0,0,0
1,1,2.86,0,1,1.84,1.94,23,1,0,0
3,9,15.01,4,6,0.87,0.68,9,0,0,2
3,4,3.88,4,1,1.89,1.45,6,0,1,1
3,11,17.6,3,5,0.11,1.42,19,0,0,2
1,4,5.89,1,2,7.34,1.04,16,0,0,1
1,4,6.85,0,5,0.44,16.45,21,1,0,1
5,5,14.96,1,5,2.04,0.39,11,0,0,2
1,3,4.88,1,1,2.36,2.77,10,0,0,0
1,2,2.45,1,2,0.44,0.68,9,0,0,0
1,2,4.27,0,1,0.31,4.77,22,1,1,0
0,2,1.06,0,0,0.4,6.34,21,1,0,0
0,1,1.44,1,0,0.61,1.48,21,1,0,0
0,1,0.54,2,2,0.43,4.54,7,0,0,0
3,7,9.38,2,3,2.12,0.92,14,0,0,2
0,4,4.77,2,1,1.08,0.58,21,1,0,1
0,0,0.0,0,0,1.49,1.15,17,0,0,0
0,9,4.93,6,4,0.19,1.25,22,1,0,1
1,3,5.29,2,2,3.66,1.47,12,0,0,1
1,3,2.85,2,1,0.44,1.37,15,0,0,0
0,1,0.61,0,1,0.9,1.52,12,0,0,0
2,4,5.03,2,1,0.23,3.29,3,1,0,0
0,2,2.7,1,1,0.36,0.9,10,0,1,0
1,4,6.26,1,1,2.07,0.25,18,0,0,0
0,0,0.0,0,1,2.22,1.88,7,0,0,0
3,4,4.39,2,1,2.13,1.69,9,0,0,1
2,4,8.06,2,3,1.55,0.35,11,0,0,2
1,4,5.91,0,2,5.59,0.56,20,0,0,1
1,3,3.37,2,2,1.37,1.98,19,0,1,0
3,4,8.82,1,2,1.17,0.87,10,0,0,1
1,4,5.11,1,3,0.61,5.45,19,0,0,0
1,2,3.16,1,2,0.29,0.68,20,0,0,0
1,5,7.75,1,2,1.53,0.25,3,1,1,1
2,9,13.28,3,3,0.78,1.68,18,0,0,2
1,2,2.2,1,2,1.44,10.9,19,0,0,0
0,2,2.87,1,1,0.52,2.71,9,0,0,0
1,6,8.95,2,4,3.38,1.29,14,0,0,1
2,5,7.02,4,1,14.68,0.24,12,0,0,1
1,4,5.24,1,3,0.8,1.86,12,0,0,1
0,4,5.99,2,2,3.43,0.78,20,0,1,1
5,7,7.81,2,2,3.81,2.81,17,0,1,2
2,5,6.36,2,3,10.07,2.39,6,0,1,1
0,3,3.18,1,2,0.86,0.97,13,0,0,0
3,5,10.62,2,2,2.64,0.38,4,1,1,2
3,8,13.54,3,3,0.57,3.72,8,0,0,2
0,6,5.89,2,3,1.86,2.4,21,1,0,1
2,6,10.15,0,1,2.3,4.81,16,0,0,2
1,2,3.88,0,3,2.53,0.95,4,1,0,1
1,4,6.24,2,3,0.52,2.85,15,0,0,1
2,3,4.17,2,1,3.5,0.52,8,0,0,1
2,5,9.56,1,4,1.08,1.06,16,0,0,2
0,1,0.89,0,1,0.54,2.87,17,0,1,0
1,4,4.33,0,3,1.51,4.57,2,1,1,0
0,2,2.68,0,1,3.68,1.17,4,1,0,0
1,3,4.6,2,2,6.25,4.21,21,1,0,0
3,4,8.6,2,3,2.58,3.03,20,0,1,1
0,4,2.46,1,2,0.11,1.27,16,0,0,0
2,7,5.9,2,3,0.36,5.43,19,0,1,1
3,4,7.24,3,1,0.24,1.98,21,1,1,1
4,5,9.86,1,2,0.29,2.81,3,1,0,2
1,4,3.77,1,1,0.97,1.91,3,1,0,0
3,7,13.42,3,3,0.84,1.71,20,0,1,2
0,4,3.13,2,3,0.32,4.91,23,1,1,0
5,9,17.38,3,6,3.95,1.07,20,0,0,2
3,4,9.97,3,2,1.82,0.29,6,0,0,1
2,3,4.27,1,1,2.97,5.5,7,0,0,0
0,3,2.64,2,3,0.94,4.56,21,1,0,0
1,5,5.49,1,4,1.05,1.34,21,1,1,0
0,2,2.68,1,1,0.79,0.71,1,1,1,0
2,2,2.64,2,0,1.14,3.01,9,0,0,0
0,1,1.47,1,1,1.8,0.41,4,1,0,0
0,2,2.3,2,2,1.32,1.58,16,0,0,0
2,5,8.1,3,0,3.38,0.42,6,0,0,1
2,2,4.18,0,2,4.25,2.48,1,1,0,0
1,2,2.06,1,2,1.24,0.27,5,1,0,0
2,5,6.39,4,2,0.59,2.68,9,0,0,1
1,5,7.7,2,4,5.33,3.0,8,0,1,1
1,4,5.15,1,2,2.49,1.87,4,1,1,0
1,4,4.68,1,3,1.94,0.68,2,1,0,0
4,6,13.76,2,3,2.56,0.47,10,0,0,2
0,3,3.46,0,1,0.24,1.14,9,0,0,0
2,2,5.98,1,2,0.23,1.76,15,0,0,0
0,4,3.88,0,3,0.4,2.77,19,0,1,0
1,4,7.37,1,4,0.39,0.2,18,0,0,1
1,4,3.88,2,2,1.08,3.3,0,1,1,1
1,3,3.33,1,0,0.41,3.32,10,0,0,0
1,3,3.6,2,4,3.57,1.67,14,0,0,1
5,5,14.45,3,3,1.65,1.25,6,0,0,2
1,1,1.03,0,2,0.93,4.82,7,0,0,0
1,4,5.1,0,1,0.23,4.04,15,0,0,0
0,6,3.1,1,3,1.71,10.43,17,0,0,1
3,4,6.12,1,1,0.32,1.36,23,1,0,1
2,3,3.68,0,3,2.55,6.13,22,1,1,0
0,0,0.0,1,1,3.02,0.43,10,0,0,0
1,3,4.01,1,2,1.51,1.53,0,1,0,0
0,2,2.54,2,1,0.39,1.77,15,0,0,0
2,6,10.67,2,2,2.88,1.65,3,1,0,2
1,4,7.3,2,2,0.76,2.65,22,1,0,1
1,4,6.22,3,2,0.55,0.67,5,1,0,1
3,3,6.83,2,2,1.24,5.23,10,0,0,1
3,5,9.29,2,2,4.71,2.21,23,1,0,2
4,5,9.25,4,2,0.74,6.06,5,1,0,2
2,3,6.26,1,0,4.35,0.21,9,0,0,0
1,8,8.55,4,4,0.2,2.69,5,1,1,2
3,8,12.61,3,4,0.26,1.53,9,0,1,2
0,1,1.16,1,2,2.26,1.96,21,1,1,0
5,6,7.67,2,4,0.48,3.6,22,1,0,2
0,2,1.05,1,1,0.79,0.84,4,1,1,0
2,3,3.44,2,1,0.36,0.77,8,0,1,0
2,6,8.09,1,5,0.83,3.24,6,0,0,1
3,6,9.41,1,1,0.69,2.04,16,0,0,2
1,4,6.79,1,2,2.5,0.87,11,0,0,1
2,5,3.94,3,5,2.28,1.85,10,0,1,1
2,2,2.36,2,2,5.68,1.74,5,1,1,1
1,4,5.34,2,2,2.42,3.14,23,1,0,1
0,3,4.23,2,1,2.24,0.21,10,0,0,0
5,6,14.46,3,4,2.23,2.41,10,0,0,2
2,7,8.41,1,2,3.96,2.53,13,0,0,1
0,3,2.81,0,1,0.73,3.62,15,0,1,0
1,4,4.69,2,1,0.74,5.7,1,1,0,0
3,5,7.91,2,1,2.53,1.65,1,1,0,1
0,1,0.83,0,2,0.57,1.25,4,1,1,0
0,3,3.26,1,2,4.48,0.47,13,0,0,1
1,4,6.54,2,3,1.48,1.23,20,0,0,1
4,6,12.68,2,5,0.74,0.38,9,0,1,2
2,7,11.07,4,3,2.79,4.26,9,0,0,2
1,3,4.03,2,0,0.77,4.31,17,0,0,0
2,4,5.45,2,3,6.05,1.55,19,0,0,1
4,8,16.09,6,4,7.43,0.95,8,0,1,2
0,1,0.59,0,1,2.08,0.51,3,1,1,0
1,4,6.7,2,1,0.32,4.96,16,0,0,1
4,6,8.56,4,3,0.65,5.45,20,0,0,2
1,4,2.7,2,2,1.4,0.97,1,1,1,0
0,3,4.26,2,1,3.53,2.63,13,0,0,0
1,3,3.64,1,1,0.47,0.95,21,1,0,0
1,4,6.55,2,2,0.3,0.84,0,1,0,1
0,2,2.71,0,1,0.24,0.25,22,1,0,0
0,2,2.63,3,1,1.37,2.35,6,0,0,0
4,8,12.46,4,7,3.99,0.61,3,1,0,2
2,5,6.57,3,5,0.18,0.23,8,0,0,1
1,5,7.08,3,3,0.53,0.48,2,1,1,1
1,7,10.86,2,6,2.23,1.14,4,1,0,2
1,4,5.05,0,5,3.25,2.97,20,0,0,0
0,3,2.82,2,1,3.06,0.77,23,1,0,0
1,1,2.8,0,1,2.87,5.66,9,0,0,0
2,7,11.52,2,6,0.35,1.05,9,0,1,2
0,2,1.43,1,2,1.01,1.21,3,1,1,0
1,2,3.46,1,1,7.63,0.81,16,0,1,0
2,6,8.42,3,4,8.2,0.93,20,0,1,2
2,6,7.0,2,2,1.76,0.39,16,0,1,1
1,4,6.15,2,2,2.32,1.07,18,0,0,1
1,5,3.94,3,2,5.54,5.11,5,1,0,1
1,2,3.3,0,1,1.18,3.12,0,1,0,0
1,5,6.6,2,0,0.36,5.4,13,0,0,1
1,2,2.24,1,2,2.09,0.48,12,0,0,0
3,8,9.98,6,3,5.9,1.72,2,1,0,2
2,2,5.98,1,0,2.25,0.85,22,1,0,0
4,6,10.59,2,1,3.03,3.39,1,1,0,2
2,4,7.92,2,2,1.09,8.99,21,1,0,1
2,3,5.59,1,4,0.28,4.42,6,0,0,1
2,6,9.31,5,2,0.43,0.29,11,0,1,2
2,3,4.61,3,1,7.4,1.15,1,1,0,1
0,4,2.61,2,2,1.32,0.27,10,0,1,0
1,3,3.09,2,2,0.12,0.3,15,0,1,1
2,3,5.32,0,1,5.7,0.41,4,1,0,0
1,2,3.16,1,1,1.34,1.01,16,0,0,0
1,4,4.96,2,2,3.36,1.11,2,1,0,0
1,3,3.03,1,1,1.53,1.48,13,0,1,0
1,1,1.29,0,2,0.29,1.5,15,0,0,0
1,4,4.74,3,0,1.82,3.89,16,0,0,0
0,1,0.58,1,0,10.81,0.58,18,0,0,0
2,2,3.37,1,2,0.16,0.63,3,1,0,0
2,8,12.02,1,5,3.42,2.66,20,0,1,2
2,4,3.38,1,1,0.58,2.32,19,0,0,0
0,5,6.95,3,5,1.0,0.62,19,0,0,1
3,5,7.36,2,3,0.94,4.98,8,0,0,1
1,5,7.87,2,2,4.22,1.2,10,0,1,1
0,1,0.65,0,1,1.36,1.34,4,1,0,0
1,4,6.05,1,2,1.17,1.56,10,0,0,1
1,2,3.95,2,0,3.17,1.17,12,0,0,0
4,4,5.48,2,2,0.19,2.24,20,0,0,1
1,3,4.39,3,2,0.26,1.43,1,1,0,1
0,1,0.52,2,2,0.14,0.95,21,1,1,0
2,3,5.59,3,1,2.2,6.07,1,1,0,1
1,4,6.18,3,2,1.44,1.12,9,0,0,1
1,2,1.84,0,1,3.86,3.2,12,0,0,0
1,4,3.55,3,3,1.34,1.27,4,1,0,1
1,2,2.46,0,2,0.55,1.63,10,0,0,0
1,5,5.45,0,2,3.04,0.87,14,0,0,1
3,6,9.0,1,3,0.73,3.69,4,1,0,2
1,6,6.74,2,3,5.04,3.54,19,0,1,1
0,5,4.03,2,3,0.62,0.26,4,1,0,0
0,1,1.03,0,0,0.43,0.36,6,0,0,0
1,4,4.22,0,2,1.32,6.59,9,0,0,0
3,5,6.0,2,2,0.19,5.69,1,1,0,2
0,2,1.56,1,2,0.17,1.96,0,1,0,0
0,5,2.77,3,3,1.33,1.9,19,0,0,0
2,7,12.1,2,6,0.54,4.38,22,1,0,2
0,2,2.45,0,0,0.12,0.57,0,1,0,0
0,0,0.0,0,0,0.73,2.85,3,1,0,0
1,5,5.63,1,2,1.27,1.82,14,0,0,1
0,3,4.14,2,2,1.0,3.6,14,0,1,0
1,6,7.54,2,4,0.36,0.28,5,1,0,1
1,1,2.16,0,2,1.66,2.45,5,1,0,0
0,1,0.72,0,1,2.33,2.23,0,1,0,0
2,4,5.36,1,3,2.13,4.79,6,0,0,1
1,2,2.87,3,3,1.0,3.02,4,1,1,0
1,5,4.8,1,2,0.37,5.5,21,1,0,1
3,4,9.24,3,3,1.35,5.66,16,0,0,2
0,4,4.78,2,4,4.08,1.51,6,0,0,1
0,0,0.0,0,0,1.24,0.57,3,1,0,0
3,3,4.6,4,2,0.49,2.69,2,1,0,1
1,4,4.12,2,2,0.28,5.37,11,0,0,0
3,7,10.42,3,2,5.29,0.39,14,0,0,2
2,6,7.3,2,3,2.55,2.24,19,0,0,1
4,7,11.2,3,2,0.78,0.51,8,0,1,2
2,3,5.53,1,2,0.73,0.27,20,0,0,1
4,6,8.11,0,5,4.16,3.05,11,0,0,2
1,2,1.93,2,0,0.45,3.06,4,1,0,0
1,4,5.36,3,0,1.48,2.49,7,0,1,0
3,6,7.97,1,3,2.35,5.1,14,0,0,1
2,5,6.78,3,2,1.01,0.41,6,0,1,1
0,0,0.0,1,0,0.17,0.48,18,0,0,0
0,1,1.32,0,1,0.57,5.2,12,0,0,0
1,1,2.43,0,0,4.28,1.95,0,1,1,0
2,4,6.12,1,0,1.43,1.0,10,0,1,1
1,5,8.56,3,4,3.14,3.55,12,0,0,2
3,5,5.74,3,2,1.56,5.82,1,1,0,1
3,6,12.12,1,3,5.28,3.12,18,0,0,2
0,4,5.86,2,4,4.42,4.12,10,0,0,1
0,2,1.68,2,2,1.29,1.03,0,1,1,0
2,5,7.07,3,1,0.79,1.05,0,1,0,2
4,7,7.97,1,4,1.76,5.19,7,0,0,2
1,4,6.74,2,3,2.12,2.59,12,0,0,1
0,1,1.37,1,1,1.34,0.87,7,0,0,0
1,3,3.89,1,3,3.21,2.06,1,1,0,0
1,2,2.95,1,1,0.46,3.09,7,0,0,0
2,2,2.3,2,1,0.83,0.82,13,0,0,0
1,3,2.76,0,2,2.19,2.86,1,1,1,0
2,3,3.11,2,2,0.61,0.31,12,0,0,0
0,7,8.24,2,4,1.14,1.1,4,1,0,1
2,3,6.15,0,0,6.07,3.0,0,1,0,1
4,6,9.08,2,1,1.87,0.6,8,0,0,2
3,5,5.53,1,5,5.46,0.83,19,0,0,1
0,5,6.48,1,1,2.41,5.48,9,0,1,0
2,4,7.06,2,2,2.42,3.0,10,0,1,1
2,4,5.27,1,3,1.71,1.93,17,0,1,1
1,1,1.56,2,1,0.38,0.79,16,0,0,0
0,1,1.44,1,0,1.42,1.24,5,1,1,0
2,2,2.72,1,1,0.62,2.34,10,0,0,0
2,6,9.23,2,3,12.02,0.62,23,1,0,2
0,1,1.4,1,1,0.66,1.84,3,1,0,0
1,5,7.56,2,4,0.57,1.51,0,1,0,1
3,6,11.26,1,2,1.86,1.82,0,1,0,2
2,4,8.0,3,3,1.39,0.48,21,1,0,2
0,2,2.5,1,0,0.14,0.48,17,0,0,0
0,3,2.77,0,2,0.35,8.52,4,1,0,0
2,5,6.6,2,3,3.1,9.9,15,0,0,1
1,3,5.52,2,1,1.29,1.59,1,1,1,0
1,4,7.26,1,2,0.38,4.09,8,0,1,1
3,6,9.87,4,2,1.23,2.87,1,1,0,2
2,7,8.75,3,2,0.63,0.51,4,1,0,2
0,0,0.0,1,0,0.56,1.08,19,0,0,0
0,1,0.61,0,1,5.79,1.14,16,0,0,0
2,5,6.77,4,1,0.91,2.46,18,0,1,1
0,3,4.15,1,3,0.19,2.37,9,0,0,0
3,4,6.01,2,1,6.43,6.63,7,0,1,1
1,1,1.0,0,0,2.95,4.1,19,0,0,0
1,2,3.77,2,1,0.63,5.06,10,0,0,0
3,6,12.18,0,2,1.05,5.75,12,0,1,2
1,2,3.62,0,0,3.67,4.24,12,0,0,0
0,4,3.22,3,3,0.9,1.21,8,0,0,0
4,5,9.34,2,3,1.61,0.81,4,1,1,2
1,2,2.4,1,1,1.48,2.32,17,0,0,0
3,5,11.96,2,5,1.02,3.12,7,0,0,2
1,4,6.18,2,2,1.94,1.42,19,0,0,0
3,6,10.03,1,2,1.25,4.92,13,0,1,2
1,2,3.74,0,1,0.14,8.28,1,1,0,0
0,3,2.54,3,1,3.13,2.31,21,1,1,0
1,3,3.59,2,2,0.32,1.72,15,0,0,0
2,5,5.05,2,2,1.22,4.83,0,1,0,1
1,4,6.15,3,2,1.66,0.26,23,1,0,1
0,3,2.87,1,2,2.3,0.55,22,1,0,0
1,4,4.19,1,3,1.05,4.87,12,0,0,0
1,6,5.69,1,4,2.49,3.49,17,0,1,1
2,7,7.96,2,2,0.35,1.55,0,1,0,1
3,7,12.42,4,2,2.01,5.69,6,0,1,2
5,6,12.99,1,3,3.25,1.28,3,1,0,2
3,7,11.28,2,2,4.06,2.71,9,0,0,2
2,4,5.6,3,1,1.66,2.72,7,0,0,1
3,4,9.7,1,2,0.78,0.71,2,1,0,1
2,4,6.73,2,2,0.42,1.04,22,1,0,1
2,4,6.52,1,3,0.86,6.39,6,0,0,1
1,8,9.04,3,3,1.5,0.71,15,0,1,2
1,5,7.45,2,5,0.49,0.68,19,0,0,1
1,3,4.97,0,3,5.59,1.83,9,0,0,0
4,7,7.73,3,1,4.19,0.44,12,0,1,2
3,6,9.78,3,3,0.16,5.83,0,1,1,2
1,6,6.13,3,3,1.59,0.46,6,0,1,1
1,5,7.3,2,3,2.9,2.6,9,0,1,1
3,4,6.11,2,2,0.61,1.24,11,0,0,1
1,3,2.46,1,2,1.44,4.28,13,0,1,0
1,3,5.59,2,1,1.04,2.43,21,1,0,0
1,4,4.3,2,2,0.49,1.43,10,0,1,0
1,4,4.08,2,4,1.82,10.52,16,0,0,1
0,6,8.11,3,3,9.22,0.37,8,0,1,1
3,3,8.99,0,0,0.92,2.36,7,0,0,1
1,3,4.18,1,1,1.55,11.61,9,0,0,0
0,2,2.88,0,2,0.82,3.14,3,1,0,0
2,4,5.57,3,2,3.87,3.57,4,1,1,1
1,6,8.55,3,4,3.7,0.28,23,1,0,2
2,2,5.02,1,2,0.45,0.25,17,0,1,1
1,3,3.9,1,3,4.24,0.29,5,1,0,1
2,3,2.97,0,2,0.4,12.19,9,0,0,0
0,4,4.97,3,1,0.28,9.92,17,0,0,0
2,3,4.78,3,1,2.0,1.22,10,0,0,0
1,3,5.49,0,2,0.98,1.06,23,1,0,0
2,3,5.23,2,1,1.46,0.59,4,1,0,1
3,7,9.25,3,4,2.0,1.2,2,1,0,2
1,2,2.27,1,1,0.2,1.36,17,0,0,0
2,4,6.85,2,3,0.72,3.65,3,1,0,1
1,5,5.5,2,1,1.21,5.23,7,0,1,0
3,6,9.06,3,1,0.66,3.63,16,0,0,1
1,7,7.52,1,4,0.19,2.8,9,0,0,1
1,5,6.84,1,2,0.26,3.83,18,0,0,1
1,1,1.37,0,1,3.01,3.55,0,1,1,0
1,2,2.71,1,1,4.46,1.81,1,1,0,0
0,1,1.25,1,2,0.4,1.22,10,0,0,0
1,3,2.81,1,3,0.62,1.03,14,0,0,0
1,1,2.45,1,1,2.0,3.04,22,1,1,0
1,6,4.08,2,4,5.65,8.2,0,1,0,0
1,6,6.87,3,2,0.74,2.38,8,0,0,1
3,9,10.3,4,4,3.58,6.29,7,0,0,2
0,0,0.0,1,1,1.37,0.24,0,1,1,0
1,3,4.78,1,2,5.75,4.16,9,0,0,0
2,5,7.31,2,3,0.36,5.0,16,0,0,1
0,2,1.56,0,1,6.65,2.69,17,0,0,0
2,7,6.88,1,5,1.15,7.0,15,0,1,2
1,4,4.63,1,2,5.6,2.43,1,1,1,1
3,8,9.44,1,5,1.2,0.89,21,1,0,2
1,3,3.64,2,2,1.46,0.81,16,0,0,1
4,5,6.82,5,2,3.04,2.23,3,1,0,2
0,4,4.37,0,0,2.41,6.12,6,0,0,0
2,3,5.23,2,1,1.84,0.39,8,0,0,1
1,4,4.27,1,4,1.07,2.52,2,1,1,1
1,1,2.03,1,2,2.93,3.87,19,0,0,0
6,8,9.16,4,4,5.43,0.51,20,0,0,2
2,3,6.11,3,2,0.12,0.51,4,1,1,1
1,7,7.63,1,4,1.7,1.34,17,0,0,1
2,4,7.43,1,2,3.72,1.0,20,0,1,1
5,8,12.91,1,5,2.01,0.75,16,0,0,2
1,4,6.95,1,2,3.0,0.75,6,0,1,1
3,3,7.51,3,3,4.16,0.55,13,0,1,1
1,1,1.31,1,1,2.6,2.56,14,0,0,0
1,2,2.32,2,1,2.37,3.11,20,0,0,0
0,0,0.0,0,1,6.12,3.23,21,1,0,0
3,5,6.93,4,3,3.69,2.1,13,0,1,1
3,5,6.92,2,2,3.14,7.84,8,0,0,2
2,7,13.02,1,2,0.26,5.51,15,0,1,2
1,2,3.18,2,2,0.59,8.1,18,0,0,0
1,4,6.13,1,3,1.56,1.43,0,1,0,1
2,3,5.88,0,3,2.33,5.45,7,0,0,0
0,5,5.4,1,3,0.75,3.8,17,0,0,1
0,0,0.0,0,0,0.28,1.24,1,1,1,0
2,4,5.74,2,1,0.77,0.48,3,1,1,1
2,3,6.08,1,1,2.75,3.07,20,0,0,1
2,4,8.16,2,3,3.88,0.57,0,1,1,1
0,2,2.95,2,3,4.49,1.07,18,0,0,0
0,1,1.33,2,0,0.96,1.93,10,0,1,0
1,2,3.26,1,2,0.94,3.05,23,1,1,0
2,6,9.11,3,3,1.04,6.72,5,1,0,2
0,4,2.82,2,0,0.95,2.45,18,0,0,0
1,3,3.11,1,2,2.07,2.98,13,0,0,0
1,1,1.16,0,2,0.9,1.13,22,1,1,0
3,4,4.4,2,2,0.14,3.11,21,1,0,1
0,6,3.0,0,5,1.14,1.64,20,0,1,1
0,1,1.01,0,0,0.56,5.06,23,1,1,0
1,6,5.02,2,1,0.15,1.45,23,1,0,1
2,3,5.8,0,1,1.25,1.78,18,0,1,0
1,6,4.84,1,4,0.52,1.62,23,1,0,1
4,7,13.88,3,3,1.19,4.37,12,0,0,2
2,3,5.96,2,3,0.69,7.88,11,0,1,1
0,1,0.86,1,1,1.77,1.19,9,0,0,0
1,4,6.37,2,2,8.55,1.81,18,0,0,1
3,8,8.41,3,5,1.53,3.26,10,0,0,2
2,4,6.43,1,2,1.97,5.84,23,1,0,1
1,2,1.94,0,2,4.63,1.9,23,1,1,0
0,0,0.0,0,0,0.94,0.49,11,0,1,0
0,2,2.28,2,2,0.43,1.35,6,0,0,0
3,9,12.01,3,5,0.7,2.2,7,0,0,2
3,4,8.31,3,4,1.03,1.55,16,0,1,1
0,4,2.24,2,1,1.96,0.72,2,1,0,0
2,6,9.09,1,3,0.11,0.29,5,1,0,2
0,1,1.32,1,1,3.56,3.11,11,0,1,0
4,5,12.77,2,2,0.24,12.51,14,0,1,2
0,1,1.44,1,0,4.26,6.49,22,1,0,0
1,3,3.53,1,1,5.47,3.07,6,0,1,0
2,6,7.95,5,4,8.41,4.81,5,1,0,2
0,4,4.98,3,3,3.08,0.94,11,0,0,1
1,3,2.53,3,1,0.38,2.64,11,0,0,0
0,3,2.44,0,3,2.3,0.36,3,1,0,0
3,5,5.6,1,1,0.51,3.27,20,0,0,1
3,5,6.38,1,3,4.19,8.96,8,0,1,1
1,5,6.99,1,4,0.79,5.13,16,0,1,1
2,3,4.83,1,3,0.81,2.11,1,1,0,1
0,1,0.53,1,1,4.59,4.09,4,1,1,0
1,2,3.6,1,2,0.12,7.4,20,0,0,0
3,6,10.27,4,3,0.49,0.81,22,1,0,2
3,5,6.62,4,4,1.09,4.14,23,1,0,2
0,6,4.33,1,3,2.27,0.99,9,0,0,1
0,2,2.33,2,2,1.98,5.44,5,1,0,0
1,3,3.16,1,0,2.09,0.46,5,1,1,0
2,5,4.87,2,3,3.92,0.69,20,0,0,1
0,3,2.92,2,2,0.33,3.39,4,1,0,0
1,2,3.4,0,2,1.43,0.68,7,0,1,0
2,4,5.68,3,3,2.43,0.63,20,0,0,1
0,2,2.46,1,3,1.92,2.23,21,1,0,0
0,5,2.9,3,4,1.17,4.7,2,1,0,0
0,3,2.13,4,1,0.13,0.98,13,0,0,0
2,5,7.89,2,4,0.21,4.8,4,1,1,2
2,4,6.71,0,1,0.33,4.33,14,0,0,1
2,6,7.71,1,4,0.86,2.36,8,0,0,1
1,1,2.95,0,2,0.33,2.8,14,0,0,0
4,5,5.62,1,1,1.1,0.3,18,0,0,1
2,5,5.74,3,4,0.45,1.34,15,0,0,1
2,4,5.89,1,3,2.82,0.96,7,0,0,1
1,3,4.9,3,2,3.79,0.61,14,0,0,0
1,5,5.12,3,2,0.99,1.43,10,0,0,0
2,2,3.91,0,1,1.39,1.3,22,1,0,0
2,8,10.79,3,7,5.62,3.46,3,1,1,2
1,2,2.01,1,1,1.48,2.48,20,0,1,0
2,5,7.95,2,3,9.66,6.31,23,1,0,2
2,4,8.41,2,1,0.38,0.59,9,0,0,1
0,1,1.28,0,0,3.67,0.35,22,1,0,0
1,2,3.11,1,2,1.34,2.11,9,0,0,0
0,1,1.06,1,1,0.14,0.2,1,1,0,0
3,5,6.03,3,5,6.55,4.07,7,0,0,2
1,1,1.86,1,1,6.14,1.96,7,0,0,0
2,2,4.78,0,1,0.97,1.87,8,0,0,0
2,6,7.27,0,1,5.65,1.33,1,1,1,1
0,3,3.52,2,3,0.37,1.37,13,0,0,0
4,6,14.19,5,2,2.15,1.61,19,0,0,2
2,2,5.38,1,1,0.48,0.24,1,1,1,0
1,3,2.83,1,2,0.61,0.42,3,1,0,0
0,0,0.0,0,0,2.82,1.96,2,1,1,0
1,7,7.38,2,4,0.95,0.61,22,1,0,1
1,5,4.9,2,3,0.11,3.97,13,0,1,0
0,1,1.4,1,0,1.06,1.0,20,0,1,0
3,6,8.6,3,3,0.57,0.46,15,0,0,1
2,7,7.13,2,5,2.17,0.87,14,0,1,1
0,5,3.3,0,3,0.49,1.3,6,0,0,0
2,5,6.44,2,2,3.42,0.29,17,0,0,1
1,4,4.92,3,2,0.66,0.58,19,0,0,1
0,1,1.5,1,0,1.0,1.18,5,1,0,0
2,4,4.75,4,1,0.74,1.13,20,0,0,1
4,6,10.03,2,3,1.96,4.23,15,0,0,2
3,8,13.55,2,4,0.29,4.83,10,0,1,2
2,3,4.21,1,0,1.27,0.74,1,1,0,0
2,4,5.74,2,3,0.83,0.53,22,1,1,1
1,2,3.8,1,3,3.98,2.71,1,1,0,0
1,2,2.41,1,3,0.24,4.28,13,0,0,0
3,6,10.87,3,4,3.29,8.49,8,0,0,2
2,3,5.32,2,1,0.43,0.22,22,1,1,0
1,5,6.79,0,0,0.27,1.53,11,0,1,1
2,4,5.82,3,3,0.51,3.51,2,1,0,1
2,5,8.97,2,1,0.29,4.61,21,1,0,1
0,2,2.54,1,1,1.42,0.36,4,1,0,0
2,5,6.36,2,3,8.09,3.05,8,0,0,1
0,0,0.0,0,0,0.16,1.05,2,1,0,0
1,3,3.66,0,3,1.21,0.39,17,0,0,0
3,6,5.55,2,4,0.98,1.88,1,1,0,1
4,7,10.67,2,5,0.85,0.63,3,1,1,2
3,6,7.14,2,4,0.83,3.54,12,0,0,1
1,3,3.34,0,1,4.16,3.58,16,0,0,0
2,4,6.68,1,3,0.13,4.81,8,0,0,1
0,4,5.65,1,2,2.78,1.39,18,0,0,1
3,6,7.08,2,4,0.62,0.23,13,0,0,2
1,3,2.37,3,1,0.97,0.95,12,0,1,0
1,6,4.77,1,4,1.08,1.78,4,1,0,1
0,3,2.27,1,4,0.75,3.16,17,0,1,0
0,2,1.19,1,0,0.28,1.4,23,1,0,0
1,4,4.08,3,1,0.32,2.12,14,0,1,0
1,3,4.25,0,1,0.74,2.06,10,0,0,0
1,2,2.63,0,1,3.2,0.65,18,0,1,0
1,2,3.03,0,1,0.36,2.64,4,1,0,0
1,4,4.39,4,3,2.54,1.65,6,0,0,1
0,2,2.41,1,1,0.71,4.32,1,1,0,0
3,6,11.18,1,3,3.97,3.13,18,0,0,2
1,5,4.64,1,3,1.11,0.5,23,1,0,0
0,3,1.76,0,1,0.44,1.88,15,0,1,0
0,1,0.8,0,1,7.76,3.23,23,1,0,0
0,2,1.27,2,2,0.45,0.43,2,1,0,0
2,4,5.93,2,3,1.61,4.13,9,0,1,0
3,4,6.46,2,0,1.62,0.83,11,0,0,1
0,4,3.85,1,1,0.94,1.95,22,1,0,0
0,2,1.44,1,1,5.55,7.26,1,1,1,0
0,2,2.48,0,1,3.44,2.32,7,0,0,0
1,3,3.05,1,1,3.29,1.58,8,0,0,0
4,5,9.28,3,3,6.68,0.22,22,1,1,2
1,3,3.72,0,3,1.2,0.56,19,0,0,0
0,3,1.5,2,1,0.28,2.36,11,0,0,0
0,2,2.74,2,1,2.71,1.9,4,1,0,0
2,3,4.83,0,1,0.96,1.33,22,1,0,0
1,1,1.75,2,1,0.48,6.62,12,0,0,0
0,3,3.49,0,2,1.29,1.21,4,1,1,0
1,4,5.24,1,4,4.78,2.13,14,0,1,1
0,3,2.92,2,1,0.44,2.3,23,1,0,0
3,5,9.02,2,1,3.5,2.07,20,0,0,1
1,6,9.73,1,4,1.07,1.82,4,1,0,1
0,4,2.98,3,2,0.36,1.23,4,1,0,0
0,4,3.59,4,1,3.5,6.19,3,1,1,1
3,4,7.64,1,1,6.39,1.7,22,1,1,1
1,5,8.01,4,3,0.72,2.08,15,0,1,2
1,2,2.73,1,1,0.75,2.87,17,0,0,0
2,5,6.26,4,6,0.99,0.38,9,0,0,1
2,5,8.21,1,2,3.13,4.0,19,0,0,1
1,4,7.43,3,1,0.12,2.0,2,1,0,1
1,2,3.03,0,2,0.56,2.88,9,0,0,0
2,6,7.85,4,2,2.3,3.9,12,0,1,1
2,8,12.98,4,4,1.04,5.38,23,1,0,2
2,6,6.62,2,3,0.82,1.44,22,1,0,1
1,1,1.63,0,1,3.8,4.37,2,1,0,0
2,4,7.34,3,3,4.59,0.95,3,1,1,1
2,3,7.32,2,1,5.42,2.9,12,0,1,1
2,3,6.97,1,3,0.67,0.47,13,0,0,1
0,3,4.03,1,3,4.49,0.25,3,1,1,0
4,6,9.51,4,3,2.5,0.45,11,0,0,2
2,6,7.64,2,2,0.4,1.16,15,0,0,1
1,3,2.8,0,1,1.8,0.28,9,0,0,0
2,3,2.91,3,1,0.15,2.69,22,1,0,1
2,5,8.18,2,3,2.32,1.15,23,1,0,1
0,2,1.87,1,0,2.48,3.53,19,0,0,0
1,6,7.52,1,5,2.9,0.32,23,1,0,1
2,3,6.61,3,1,0.44,0.81,16,0,0,1
1,5,6.72,1,2,1.88,1.51,6,0,0,1
3,7,12.37,3,2,0.45,1.41,3,1,1,2
1,1,2.42,2,0,5.38,0.55,23,1,0,0
1,3,4.85,0,3,2.12,13.05,11,0,0,0
2,6,7.56,4,4,0.28,1.04,9,0,0,1
0,0,0.0,0,0,0.47,3.39,1,1,0,0
1,2,2.91,1,2,2.06,0.82,13,0,0,0
1,2,3.45,1,2,1.27,5.46,7,0,0,0
2,5,4.86,3,4,2.5,1.43,9,0,0,1
1,2,2.84,0,2,0.69,5.98,5,1,1,0
2,3,3.87,0,2,2.03,1.25,22,1,0,0
2,5,3.96,4,3,0.45,0.22,22,1,1,1
0,3,2.38,0,1,1.51,2.02,1,1,0,0
4,11,13.96,6,4,5.8,2.06,13,0,0,2
3,5,7.83,1,3,1.88,0.52,10,0,0,2
0,2,2.91,1,2,0.19,0.87,1,1,0,0
1,3,5.16,2,2,8.18,4.03,3,1,0,1
1,4,6.5,1,4,0.41,0.29,5,1,0,1
2,11,14.02,6,5,2.38,1.88,3,1,0,2
1,4,5.71,2,3,1.47,2.09,21,1,0,1
0,2,1.83,1,2,0.73,3.12,4,1,0,0
0,2,1.65,1,2,0.45,0.3,5,1,0,0
1,2,3.56,1,2,0.45,2.4,8,0,0,0
1,3,5.43,1,1,3.62,0.21,21,1,0,1
1,3,4.4,2,1,3.81,0.97,21,1,1,0
4,5,6.13,1,5,1.23,1.93,15,0,0,1
0,3,3.88,1,0,0.3,6.26,10,0,0,0
3,4,5.84,3,2,3.98,0.54,10,0,0,1
4,4,11.57,3,2,1.3,0.66,23,1,0,2
1,3,3.75,1,1,1.14,2.97,20,0,0,0
1,7,8.08,3,5,1.04,1.37,20,0,0,2
1,3,4.56,2,2,0.92,2.64,9,0,1,0
0,1,1.41,1,2,1.44,15.13,0,1,0,0
3,4,8.67,1,2,1.77,11.03,21,1,0,1
2,5,7.52,5,3,1.23,1.29,16,0,0,2
1,2,1.83,0,2,4.19,1.95,7,0,0,0
3,5,8.26,2,6,0.79,6.08,15,0,0,2
4,5,9.23,4,5,1.65,0.44,5,1,0,2
0,3,2.85,2,2,0.74,1.71,13,0,0,0
3,5,10.3,3,1,2.62,1.39,1,1,0,2
1,5,5.17,2,0,0.29,1.07,8,0,0,1
2,5,6.09,1,4,0.48,13.08,3,1,0,1
1,3,4.01,2,3,3.01,3.51,18,0,0,0
1,5,6.25,2,4,0.46,1.43,16,0,1,1
3,5,9.6,3,2,1.87,4.62,0,1,0,2
2,5,7.65,1,3,6.43,1.88,23,1,0,1
2,6,7.47,3,2,1.43,5.36,1,1,0,2
0,4,5.63,2,2,0.47,0.97,16,0,1,1
1,3,3.32,1,1,0.8,0.83,1,1,0,0
1,5,6.55,2,4,3.22,0.91,2,1,0,1
2,3,6.85,2,1,0.88,2.13,3,1,0,0
3,6,9.81,0,3,2.41,1.06,12,0,0,2
3,10,10.36,4,4,2.8,0.6,22,1,0,2
2,3,6.13,1,2,1.35,13.27,11,0,0,1
0,1,1.12,0,1,2.85,5.97,20,0,0,0
2,4,5.99,2,4,0.79,2.72,4,1,1,1
0,0,0.0,0,0,1.41,5.75,13,0,1,0
2,6,9.67,2,2,2.19,7.05,5,1,1,2
3,6,11.8,2,4,0.43,3.02,0,1,0,2
1,4,4.23,2,2,0.68,2.03,15,0,1,0
3,4,7.15,3,1,2.0,5.54,5,1,1,1
1,2,4.1,0,1,2.02,2.3,12,0,1,0
0,1,0.59,0,1,1.32,0.54,12,0,0,0
3,11,13.85,2,3,2.96,1.34,10,0,0,2
0,0,0.0,1,0,1.28,1.68,15,0,0,0
2,5,5.62,2,4,3.94,7.05,21,1,1,1
2,4,4.97,2,2,2.5,2.89,13,0,0,1
4,10,14.7,3,2,0.78,5.4,10,0,0,2
3,7,14.83,4,3,1.01,3.74,4,1,0,2
2,4,7.01,2,3,2.08,1.13,9,0,0,1
2,3,6.23,3,1,4.15,3.37,20,0,1,1
3,5,10.79,1,4,0.45,0.74,14,0,0,2
2,4,7.58,2,3,1.4,1.51,6,0,0,1
2,3,2.94,2,2,0.33,4.3,2,1,1,1
0,1,1.35,1,2,0.69,2.57,10,0,0,0
2,4,3.67,0,2,2.18,4.56,8,0,1,0
1,5,4.67,4,2,0.25,0.93,9,0,0,1
2,3,4.28,1,2,2.05,3.66,22,1,0,0
2,3,4.78,1,2,4.26,0.77,3,1,0,0
2,6,5.08,2,3,6.37,2.17,21,1,0,1
2,7,6.21,3,3,0.54,1.62,19,0,0,2
2,3,5.23,2,2,2.59,2.23,17,0,1,1
2,3,3.95,1,1,4.8,0.56,13,0,0,0
1,4,6.42,2,3,0.27,1.32,8,0,0,1
2,3,3.18,1,2,1.06,2.95,19,0,1,1
4,7,12.94,2,3,4.63,2.24,15,0,0,2
0,0,0.0,1,0,0.51,2.19,1,1,0,0
0,1,1.13,1,1,4.99,1.99,22,1,0,0
1,5,6.27,2,2,1.45,7.4,6,0,0,0
0,2,1.34,0,0,0.29,7.02,4,1,0,0
3,4,5.08,3,2,1.18,1.32,20,0,1,1
0,2,1.61,0,1,0.81,1.28,23,1,0,0
0,1,0.61,0,1,0.7,2.22,21,1,0,0
3,3,7.36,0,3,1.5,0.45,16,0,0,1
1,3,4.25,1,2,1.29,1.1,10,0,0,0
2,6,8.48,4,5,1.28,0.86,3,1,1,2
0,7,9.28,3,5,0.27,0.83,16,0,0,2
0,5,3.14,4,5,3.02,2.74,20,0,1,1
2,4,6.69,1,4,1.28,1.41,4,1,0,2
0,2,2.22,1,2,3.2,0.67,3,1,0,0
0,2,2.35,3,2,3.23,5.66,23,1,1,0
2,4,6.13,3,1,0.79,5.38,9,0,0,0
2,5,6.73,3,3,0.11,5.16,2,1,0,2
2,5,6.14,1,3,4.46,1.44,20,0,1,1
3,8,6.8,4,4,2.67,0.35,5,1,0,2
2,9,11.83,3,5,0.3,0.48,20,0,0,2
3,5,8.41,2,3,2.28,1.01,7,0,0,1
2,5,6.73,2,3,0.14,0.82,4,1,1,1
1,4,6.47,2,2,0.15,5.38,7,0,0,1
3,5,9.97,3,3,1.44,10.94,9,0,1,2
1,1,2.46,1,2,0.28,4.44,18,0,0,0
1,2,2.71,0,2,6.1,3.47,20,0,1,0
0,3,4.49,1,3,4.14,2.42,3,1,0,0
1,4,5.9,2,0,1.99,3.87,5,1,0,1
1,3,5.19,1,3,0.22,7.55,2,1,0,0
3,6,9.22,2,2,0.81,2.5,3,1,0,2
0,2,2.45,0,2,0.94,0.62,3,1,0,0
1,5,7.54,2,2,1.28,0.65,4,1,0,1
1,5,6.41,5,2,0.43,2.39,14,0,1,1
1,2,1.65,1,2,1.65,1.21,15,0,0,0
1,4,5.84,2,3,1.13,6.23,5,1,1,1
1,6,5.18,3,3,5.4,2.56,17,0,0,1
0,1,1.26,0,1,5.05,3.02,11,0,0,0
1,2,3.23,2,1,1.6,0.21,23,1,1,0
2,4,5.45,1,2,1.96,1.93,19,0,1,1
2,4,6.1,3,3,0.37,1.61,6,0,0,1
0,1,0.51,0,0,0.55,3.26,22,1,0,0
1,7,8.43,1,4,4.26,1.41,11,0,0,2
6,7,9.22,2,0,2.26,9.58,13,0,0,2
1,4,4.69,1,2,0.48,2.97,12,0,1,0
1,4,5.54,3,2,1.62,2.9,10,0,0,1
1,3,4.06,0,1,5.01,6.49,10,0,0,0
1,3,2.65,2,2,0.86,13.55,1,1,0,0
1,1,1.86,0,1,0.47,0.75,13,0,0,0
3,6,7.49,4,6,5.23,4.36,14,0,0,2
1,7,10.82,4,5,1.21,0.64,22,1,1,2
1,3,5.32,1,2,1.07,1.73,0,1,0,1
0,0,0.0,0,0,0.66,0.46,11,0,0,0
3,7,9.81,3,3,4.1,2.64,13,0,1,2
0,0,0.0,0,0,3.46,1.78,17,0,0,0
0,1,1.29,0,1,1.03,2.68,20,0,1,0
2,6,7.09,3,5,0.16,3.03,23,1,0,2
1,4,4.73,4,2,1.17,2.62,22,1,0,1
3,3,8.05,3,2,0.46,1.07,2,1,0,2
1,2,3.15,1,1,0.38,4.73,11,0,1,0
0,6,8.63,3,2,1.0,2.21,4,1,1,1
5,7,15.57,7,1,0.29,1.88,2,1,0,2
1,5,7.7,2,3,5.78,11.07,6,0,0,1
2,2,3.36,1,1,0.19,1.03,15,0,0,0
2,5,7.62,4,3,1.02,2.08,19,0,0,1
0,5,2.84,1,3,0.42,3.07,16,0,1,0
0,2,1.6,0,2,2.2,0.53,20,0,0,0
1,6,5.23,3,4,0.25,1.29,7,0,0,1
3,4,7.49,0,3,1.52,4.24,14,0,0,1
1,4,4.91,1,2,2.77,0.88,19,0,0,1
2,3,4.04,1,1,5.49,1.9,14,0,1,0
0,1,1.16,1,2,2.26,2.69,22,1,0,0
2,4,7.8,4,1,0.29,2.98,7,0,0,1
0,5,5.83,1,1,0.27,3.46,10,0,0,1
1,2,3.07,1,1,2.47,5.22,20,0,0,0
0,4,5.5,1,3,0.54,1.45,21,1,0,0
1,2,3.91,1,0,1.17,3.27,22,1,1,0
1,4,5.95,2,3,6.86,3.49,9,0,0,1
0,2,2.76,1,1,3.19,1.09,17,0,0,0
1,2,3.06,0,1,3.47,8.82,8,0,1,0
1,3,5.22,2,2,3.65,5.21,15,0,0,0
1,2,2.34,1,1,1.84,1.06,0,1,0,0
2,3,3.58,0,1,2.55,3.01,21,1,0,0
1,3,2.83,1,1,0.9,3.36,5,1,0,0
3,6,9.71,2,2,11.74,1.61,22,1,0,2
1,1,2.96,2,1,0.69,5.18,1,1,0,0
0,1,1.14,1,1,1.7,3.13,12,0,0,0
2,3,4.61,2,2,0.7,2.88,21,1,0,1
3,8,13.02,5,4,0.31,0.82,5,1,0,2
2,3,4.25,2,2,1.61,1.51,8,0,0,1
1,2,2.04,2,1,0.88,1.62,13,0,0,0
1,2,2.8,0,0,1.68,3.51,23,1,1,0
2,6,9.24,2,5,1.57,2.61,20,0,1,2
2,4,5.86,2,3,1.51,0.42,6,0,0,1
2,5,8.92,2,3,0.34,1.12,22,1,1,2
2,3,5.56,0,2,1.14,1.8,4,1,0,1
2,3,5.27,1,2,3.11,3.54,6,0,1,0
6,7,8.33,2,4,0.78,3.6,2,1,0,2
0,2,1.95,0,0,1.16,1.89,22,1,0,0
2,8,9.38,3,6,1.33,0.51,12,0,1,2
2,4,7.08,2,2,3.67,1.07,21,1,1,1
0,8,4.5,5,2,2.02,0.93,11,0,0,1
2,7,8.03,4,2,0.29,4.0,5,1,1,2
1,4,4.51,3,3,3.71,0.7,1,1,0,1
1,6,8.7,4,4,3.31,1.76,14,0,0,2
4,4,9.52,1,3,2.62,2.98,14,0,0,2
3,4,9.71,1,4,1.23,8.57,17,0,0,1
1,5,3.51,0,2,2.65,18.16,22,1,1,0
0,1,0.61,2,1,1.27,7.84,16,0,1,0
0,0,0.0,0,1,2.5,3.37,2,1,0,0
0,1,1.12,1,2,3.92,3.63,21,1,0,0
2,4,5.88,1,2,4.08,3.76,2,1,1,1
2,2,4.78,2,3,1.19,5.16,8,0,0,0
5,10,13.41,3,3,3.63,7.78,9,0,0,2
1,4,6.66,3,3,0.29,1.68,11,0,0,0
0,4,2.24,1,3,0.29,1.55,22,1,0,0
1,2,3.83,1,2,1.53,1.74,0,1,1,0
2,5,8.7,2,1,2.0,2.9,3,1,0,1
1,2,4.22,3,0,0.4,3.93,20,0,0,0
3,5,5.74,2,1,1.25,5.31,22,1,1,1
2,7,6.86,5,4,0.28,1.72,22,1,0,2
1,3,3.6,2,2,1.76,1.33,4,1,0,0
3,5,8.18,3,4,3.58,10.44,16,0,0,2
0,5,6.15,2,3,2.51,0.86,20,0,0,0
0,1,1.32,0,0,0.96,0.83,4,1,1,0
1,4,6.91,1,1,9.25,3.34,3,1,0,1
4,6,7.81,5,0,2.06,0.7,21,1,1,2
2,5,5.17,4,4,3.14,1.47,14,0,0,1
0,4,5.19,2,3,2.09,1.06,23,1,0,1
1,4,4.11,1,5,8.29,0.66,9,0,0,1
1,6,5.37,2,3,3.2,2.37,4,1,1,1
2,3,3.85,4,0,1.42,1.37,13,0,0,0
3,4,10.01,0,1,0.92,1.75,23,1,0,1
3,4,7.07,3,2,2.16,0.74,20,0,0,1
3,4,8.73,1,4,1.71,3.85,12,0,0,1
1,3,2.19,1,1,1.89,1.14,18,0,0,0
1,4,3.81,3,1,0.86,1.25,7,0,0,0
1,5,6.21,1,3,1.11,0.93,11,0,1,1
0,3,1.75,1,2,1.57,1.62,19,0,1,0
2,3,3.53,3,1,3.39,1.76,18,0,0,0
1,7,9.79,3,5,2.69,2.09,18,0,0,2
3,4,6.92,2,1,0.33,8.77,5,1,0,1
2,3,3.43,2,3,0.61,6.08,7,0,0,1
1,5,6.55,0,2,0.15,2.55,9,0,0,1
1,5,4.11,1,1,0.11,0.3,20,0,0,0
2,5,5.73,2,2,0.56,2.57,16,0,1,1
0,2,2.03,1,1,2.99,0.43,0,1,0,0
3,5,8.36,2,3,4.33,3.3,18,0,0,1
1,4,4.26,3,3,0.99,1.44,11,0,1,1
0,2,1.59,0,1,1.59,4.75,21,1,1,0
0,2,2.85,1,2,2.3,7.34,1,1,0,0
1,5,6.14,0,2,5.6,1.55,16,0,0,1
0,2,2.88,0,0,4.49,1.74,6,0,0,0
2,4,6.64,1,4,0.21,2.43,13,0,0,1
1,3,3.12,2,3,0.61,0.75,13,0,1,0
0,1,0.79,0,0,0.19,6.75,11,0,1,0
0,3,3.87,1,2,1.83,1.62,15,0,1,0
1,5,4.32,3,3,2.33,0.66,17,0,0,1
0,4,3.01,1,1,0.76,3.8,7,0,0,0
2,4,7.54,2,2,3.56,0.82,1,1,0,1
1,3,4.81,3,2,1.19,0.59,10,0,0,0
2,5,6.5,2,2,11.67,2.27,0,1,0,1
1,4,4.94,1,1,0.1,2.98,9,0,0,1
0,8,9.86,4,5,0.31,2.31,17,0,0,2
1,3,2.89,2,1,0.75,2.87,15,0,0,0
6,7,10.69,0,3,0.15,0.51,1,1,0,2
2,8,9.02,1,5,2.84,1.82,22,1,0,2
1,6,6.46,1,4,0.2,1.3,16,0,0,1
2,6,8.6,1,2,2.59,9.26,15,0,0,1
3,6,7.54,2,5,0.2,0.33,18,0,0,2
1,3,3.37,1,2,0.62,1.09,4,1,1,0
3,6,5.83,2,3,3.41,7.31,22,1,0,2
0,2,1.28,2,1,5.53,10.46,5,1,1,0
2,4,6.59,2,3,1.06,4.56,23,1,1,1
0,6,4.63,4,2,6.41,0.4,16,0,0,0
3,7,9.93,3,3,1.87,2.26,15,0,0,2
2,5,6.27,1,3,1.07,1.48,15,0,0,1
4,9,7.46,3,5,3.02,4.31,6,0,0,2
1,4,6.38,3,3,0.73,0.34,15,0,0,1
3,4,7.77,1,2,0.66,0.75,8,0,1,1
0,3,3.22,0,1,2.02,1.88,22,1,0,0
2,4,6.76,1,2,0.99,0.63,5,1,1,1
1,2,2.48,1,1,0.36,3.15,15,0,1,0
1,3,4.33,1,3,0.22,4.5,8,0,0,0
0,2,1.4,0,2,2.89,3.25,3,1,0,0
1,2,3.62,0,1,2.13,1.65,21,1,0,0
0,2,2.68,1,3,1.06,5.47,5,1,0,0
0,4,4.16,1,1,4.18,0.57,13,0,0,0
2,5,7.9,2,2,1.05,0.95,2,1,1,2
0,1,0.98,1,1,2.33,1.88,22,1,0,0
0,3,3.04,1,1,4.42,0.36,16,0,0,0
3,7,9.7,2,4,3.41,0.45,10,0,1,2
2,4,8.5,2,0,1.39,1.47,23,1,0,1
1,2,2.33,0,1,2.15,7.4,7,0,0,0
4,7,12.35,3,3,1.06,6.18,7,0,0,2
2,5,7.55,2,3,1.98,1.77,3,1,0,1
3,4,6.74,1,4,0.64,0.58,14,0,1,1
2,4,6.26,1,3,1.13,0.69,15,0,1,1
1,7,8.08,2,2,0.52,1.39,21,1,0,1
2,4,5.73,0,2,0.17,0.79,10,0,0,1
3,3,3.86,1,0,1.7,0.42,6,0,0,0
2,2,5.65,3,1,3.7,3.0,17,0,1,1
1,7,6.07,2,5,0.15,2.38,5,1,0,1
2,3,4.77,1,2,0.49,1.06,23,1,0,1
2,4,6.39,2,1,1.21,3.97,3,1,0,1
1,3,4.16,2,2,2.07,3.94,4,1,1,1
1,5,7.07,4,2,0.44,1.89,23,1,0,1
0,2,1.14,2,1,0.21,0.45,2,1,0,0
1,3,3.14,2,2,1.42,6.47,5,1,1,0
0,3,3.14,3,1,3.17,2.96,13,0,0,0
2,4,5.68,1,4,0.16,0.91,0,1,0,1
2,8,11.95,4,4,0.87,2.56,19,0,0,2
2,2,4.38,2,2,2.06,1.5,13,0,1,1
0,6,7.04,3,4,0.35,2.72,5,1,0,2
2,5,5.29,4,3,0.58,1.81,2,1,0,1
2,6,7.48,1,3,1.48,1.86,16,0,0,1
3,5,9.68,2,0,5.61,3.53,21,1,1,1
3,4,8.8,4,3,0.71,2.58,13,0,0,2
3,7,10.86,2,3,1.3,0.41,18,0,0,2
2,2,2.66,2,0,1.02,0.37,23,1,0,0
2,7,9.12,0,3,4.2,1.11,6,0,0,1
0,2,2.52,1,2,0.23,1.61,10,0,1,0
2,5,6.97,4,5,1.6,1.0,6,0,0,1
2,2,4.79,1,1,3.47,2.84,12,0,1,0
2,4,6.61,0,2,8.08,0.74,23,1,1,1
0,2,2.9,0,2,2.26,3.24,22,1,1,0
0,1,0.88,2,1,0.96,3.91,20,0,0,0
2,7,7.72,4,2,1.06,0.53,23,1,0,2
1,4,3.81,0,2,0.88,2.83,13,0,0,0
2,4,4.55,0,4,1.77,8.34,23,1,1,1
2,3,3.18,2,1,2.52,0.74,10,0,1,0
4,8,13.36,4,3,3.18,6.2,7,0,0,2
0,6,6.08,1,3,1.07,2.53,11,0,1,0
1,5,7.34,1,4,2.37,2.43,14,0,1,1
0,3,1.56,2,3,4.56,0.33,9,0,1,0
0,2,1.93,1,1,4.66,3.65,21,1,0,0
0,2,2.8,2,3,2.29,1.83,1,1,1,0
1,2,2.99,1,0,1.92,3.39,23,1,1,0
2,6,6.43,3,2,1.46,4.34,12,0,0,1
0,0,0.0,0,1,0.46,2.05,9,0,1,0
1,3,4.6,3,2,0.34,0.97,16,0,0,1
3,6,11.55,2,2,1.3,0.58,21,1,0,2
1,4,4.27,1,2,0.41,0.64,9,0,1,0
3,7,13.11,2,5,1.65,5.24,21,1,0,2
3,4,4.08,3,3,1.97,0.53,5,1,1,1
2,2,3.23,1,2,1.44,1.41,19,0,0,0
1,3,2.88,1,2,0.17,1.22,0,1,0,0
1,2,3.15,1,2,0.21,5.21,16,0,0,0
1,2,2.42,0,1,0.32,1.82,0,1,0,0
1,4,6.75,0,3,0.4,14.3,4,1,1,1
0,1,1.29,0,1,8.37,3.54,14,0,0,0
2,2,4.61,1,1,0.86,4.96,22,1,0,0
1,4,4.49,2,1,0.72,0.46,0,1,0,0
3,4,9.22,3,2,0.2,0.93,16,0,1,2
2,6,8.19,4,4,1.92,0.56,13,0,0,2
2,6,9.46,2,2,2.0,1.76,12,0,0,2
0,2,2.71,2,0,0.45,3.37,10,0,0,0
2,3,5.72,0,1,4.63,0.66,11,0,0,0
1,4,3.9,0,0,3.0,0.55,5,1,1,0
3,9,11.21,2,6,0.57,2.58,10,0,0,2
2,3,5.0,1,1,1.3,0.85,1,1,0,0
0,2,2.42,0,0,1.2,1.83,17,0,1,0
4,6,9.15,2,4,0.87,0.33,11,0,0,2
2,4,7.32,2,3,3.16,3.05,22,1,1,1
3,8,13.02,3,1,0.31,2.15,14,0,1,2
0,4,2.72,2,1,1.07,2.81,8,0,0,0
1,4,4.23,1,4,1.11,1.01,7,0,0,0
2,6,6.47,1,3,1.24,1.02,17,0,0,1
2,3,3.59,0,3,3.66,4.24,15,0,1,1
1,3,3.57,1,1,0.54,3.37,22,1,1,1
1,4,3.61,0,1,0.3,2.37,20,0,0,0
1,6,7.21,3,2,1.83,2.67,9,0,0,1
2,6,10.25,3,1,0.44,0.45,11,0,0,2
3,6,8.88,2,5,0.24,5.05,19,0,0,2
3,3,3.3,1,4,1.1,3.87,11,0,0,1
1,4,4.57,3,4,0.55,2.43,9,0,1,1
1,2,2.31,0,2,0.91,6.47,13,0,1,0
1,2,2.6,0,2,0.64,0.66,3,1,1,0
3,5,5.55,2,3,0.27,3.1,14,0,0,1
3,4,5.19,2,3,1.58,8.44,19,0,1,1
2,4,5.39,2,1,0.15,1.13,8,0,1,1
1,5,6.13,3,2,6.21,0.24,6,0,0,1
0,3,4.2,0,2,0.85,3.52,6,0,0,0
1,2,3.37,1,2,2.24,0.22,19,0,0,0
1,5,4.92,1,3,3.09,5.35,8,0,1,1
1,3,4.0,2,3,0.69,0.34,23,1,0,0
2,6,10.32,4,3,2.59,2.84,9,0,0,2
3,6,11.02,2,4,3.32,1.38,19,0,0,2
3,5,8.76,1,5,0.6,0.77,12,0,1,2
1,3,4.29,1,1,8.91,5.91,5,1,1,0
2,6,6.53,1,5,0.14,3.63,3,1,0,1
1,4,6.41,1,2,0.54,1.24,16,0,0,0
2,4,7.75,2,3,2.83,1.04,20,0,1,1
0,0,0.0,1,1,0.49,3.53,13,0,1,0
1,2,2.06,1,1,2.26,4.73,2,1,1,0
0,1,1.03,0,1,3.58,3.35,0,1,1,0
1,2,3.19,0,1,5.86,2.75,17,0,0,0
1,4,5.13,1,0,1.26,0.85,1,1,1,0
1,3,4.08,1,2,6.48,4.99,7,0,0,0
0,2,2.01,2,1,1.05,3.66,15,0,1,0
2,3,5.44,0,3,0.54,2.02,3,1,0,1
1,4,4.02,5,1,1.4,1.99,18,0,1,1
3,4,5.48,2,2,1.99,2.31,19,0,1,1
0,1,1.44,1,2,1.2,4.6,9,0,0,0
1,2,3.71,1,2,1.61,3.59,16,0,0,0
4,5,10.7,3,3,1.07,5.05,16,0,0,2
1,4,6.21,2,2,1.44,1.97,20,0,1,1
0,3,3.87,1,1,5.59,2.65,6,0,1,0
1,1,1.54,0,1,1.35,5.02,8,0,1,0
1,2,3.03,2,0,0.63,0.86,6,0,0,0
2,5,9.42,1,4,2.66,1.67,20,0,0,1
2,2,3.83,1,1,0.84,2.62,2,1,0,0
3,5,10.33,2,3,3.15,6.37,23,1,0,2
3,6,12.75,1,3,0.21,0.24,11,0,0,2
2,6,5.37,1,3,0.83,0.8,22,1,1,2
1,3,3.57,1,2,0.28,0.87,3,1,0,0
3,5,6.45,3,4,0.26,1.19,16,0,1,1
1,3,4.43,1,1,2.03,1.03,2,1,0,0
1,3,2.89,2,2,0.98,2.43,10,0,0,0
1,3,5.1,2,1,3.79,5.62,7,0,0,1
1,3,2.65,1,0,1.41,2.73,1,1,0,0
1,2,2.87,1,2,0.73,0.89,13,0,1,0
0,8,7.7,4,3,2.4,5.18,3,1,0,2
3,5,10.78,2,1,1.86,2.7,15,0,0,2
3,7,10.68,3,5,2.99,0.82,13,0,1,2
3,5,9.8,3,3,1.96,1.32,6,0,1,2
2,4,7.25,0,1,0.43,4.1,9,0,0,1
1,3,3.15,2,0,2.1,3.56,11,0,0,0
1,2,2.59,0,0,0.99,2.35,22,1,0,0
1,4,5.43,2,2,1.22,0.59,7,0,0,0
2,3,3.41,1,2,4.68,4.27,22,1,0,0
0,3,1.7,2,2,0.9,1.12,10,0,1,0
0,2,1.91,1,0,1.8,3.89,19,0,0,0
2,3,3.44,2,2,0.91,2.81,12,0,0,0
0,2,1.32,2,1,0.28,0.97,11,0,0,0
4,7,11.45,5,3,1.19,0.8,6,0,1,2
0,2,1.46,2,2,1.74,0.55,20,0,0,0
0,1,0.9,0,1,1.04,0.89,11,0,0,0
1,3,4.06,2,1,0.99,0.63,9,0,0,0
1,4,4.63,2,4,3.19,2.6,6,0,0,1
4,6,7.3,3,2,0.15,2.48,18,0,0,2
1,5,7.04,4,2,0.73,2.41,6,0,0,1
1,2,3.49,0,2,3.11,2.77,22,1,0,0
2,4,4.52,1,3,4.66,4.42,17,0,0,1
1,4,4.71,2,3,1.06,6.32,23,1,0,1
5,8,14.18,4,3,4.05,0.85,22,1,1,2
3,5,5.46,2,2,0.5,2.42,11,0,0,1
4,4,10.94,2,1,0.55,0.4,3,1,1,1
2,3,4.37,1,2,3.47,0.52,0,1,0,0
1,5,5.45,2,2,4.3,2.86,4,1,1,1
1,2,3.75,2,2,0.55,1.87,9,0,0,0
2,5,7.37,1,0,0.21,3.75,6,0,0,1
1,1,1.38,1,0,0.27,1.59,19,0,1,0
2,6,5.47,3,3,0.65,0.54,6,0,1,1
2,4,3.71,2,4,2.68,5.34,12,0,1,1
1,3,3.65,1,3,1.38,0.42,13,0,1,0
1,3,3.33,0,4,1.19,0.72,4,1,0,0
1,5,6.67,3,2,1.68,1.01,20,0,0,1
3,8,9.57,2,2,4.08,13.59,1,1,0,2
1,2,3.65,1,1,0.27,1.55,13,0,0,0
2,4,5.73,1,3,2.24,1.94,20,0,1,1
3,3,7.71,1,1,4.81,3.87,7,0,0,1
1,4,6.4,2,2,0.53,2.73,19,0,1,1
0,3,2.77,2,0,3.37,4.8,1,1,0,0
3,11,14.91,4,5,2.26,1.87,7,0,0,2
2,8,8.05,4,3,0.13,9.15,19,0,0,2
1,5,5.52,3,1,0.57,4.18,4,1,0,1
2,5,6.78,1,2,1.78,1.48,11,0,1,1
0,1,1.44,0,1,1.36,1.4,6,0,1,0
0,3,2.8,3,2,1.45,6.83,20,0,0,0
0,3,1.63,2,2,0.57,3.08,12,0,1,0
2,4,5.42,2,1,2.12,2.63,14,0,0,1
0,3,1.74,0,3,0.66,3.75,9,0,1,0
2,3,6.04,2,0,0.99,2.26,3,1,0,0
1,4,3.71,2,2,0.93,0.63,15,0,0,1
1,3,4.65,2,2,2.11,1.16,6,0,0,1
3,3,7.61,3,3,0.27,2.24,12,0,0,1
1,6,8.08,5,3,0.51,0.25,3,1,0,2
1,3,2.67,2,1,0.5,1.64,11,0,0,0
0,2,1.92,0,1,0.31,3.72,19,0,0,0
4,4,11.02,3,2,0.52,0.65,1,1,0,2
0,4,3.73,0,2,1.78,0.37,4,1,1,0
4,5,7.65,3,2,2.47,4.72,7,0,0,1
1,6,7.38,2,3,2.04,2.6,3,1,1,1
2,6,8.81,3,2,1.26,0.69,1,1,0,2
1,2,3.88,0,2,0.2,4.3,5,1,0,0
1,2,4.03,2,2,5.85,2.88,2,1,0,0
1,3,4.53,0,0,0.43,1.22,13,0,0,0
1,2,2.89,1,2,2.09,1.38,9,0,0,0
1,4,4.09,3,3,4.49,0.62,10,0,0,1
1,5,5.4,3,2,2.25,4.71,4,1,0,0
0,2,2.82,0,0,0.54,1.98,21,1,0,0
3,7,8.61,2,4,0.78,2.24,15,0,0,2
1,3,5.6,0,1,0.16,5.57,8,0,1,0
0,4,2.39,2,4,1.81,0.24,20,0,1,0
3,7,13.56,5,1,1.81,0.37,15,0,0,2
1,3,3.56,2,0,2.43,0.64,8,0,0,0
2,5,5.48,1,5,0.12,0.28,16,0,1,1
1,3,4.99,1,4,3.17,2.88,11,0,1,0
2,6,5.29,5,1,2.52,2.71,14,0,1,1
1,2,3.42,0,2,0.37,0.79,9,0,0,0
2,4,5.57,2,1,0.87,0.6,3,1,0,1
4,8,12.7,3,5,1.93,0.59,16,0,0,2
0,1,1.48,1,2,1.33,7.86,17,0,1,0
1,6,5.79,4,1,0.32,3.16,17,0,1,1
0,1,0.96,0,0,0.26,2.4,9,0,0,0
0,1,0.68,1,0,2.84,1.17,10,0,0,0
2,3,3.5,1,0,0.41,1.62,20,0,0,0
0,2,1.24,1,0,0.44,0.43,0,1,1,0
1,4,4.41,1,3,3.3,15.93,9,0,1,1
0,2,1.39,1,1,1.8,3.72,2,1,0,0
0,3,3.16,0,2,1.77,2.63,5,1,0,0
3,5,7.71,3,4,1.27,2.42,16,0,0,1
3,3,5.43,0,2,1.61,1.95,11,0,1,1
1,3,3.76,0,2,1.76,0.94,10,0,1,0
3,6,9.75,2,0,6.29,0.84,16,0,0,1
1,6,9.48,1,3,0.55,2.19,2,1,0,2
5,7,14.13,3,2,0.53,0.38,8,0,0,2
1,2,2.12,1,2,0.21,0.39,17,0,0,0
3,6,6.65,3,2,2.03,2.26,5,1,0,2
1,3,4.16,3,2,1.53,6.51,2,1,0,0
2,6,9.74,3,4,0.31,6.34,5,1,1,2
1,4,4.18,1,3,0.92,0.23,10,0,1,0
2,5,5.17,4,2,0.45,0.48,10,0,0,1
0,1,0.83,0,0,0.82,2.39,6,0,0,0
2,2,4.56,1,2,5.54,4.92,12,0,0,0
1,9,7.38,3,1,2.17,7.92,12,0,1,1
1,3,4.24,1,1,0.11,5.13,6,0,1,0
2,6,9.77,4,4,0.62,3.03,13,0,0,2
1,1,2.79,0,2,0.12,0.76,1,1,0,0
2,5,5.93,2,2,2.36,0.39,2,1,0,1
0,4,5.79,1,3,1.24,0.32,3,1,0,0
0,4,3.67,3,2,9.31,2.57,7,0,0,0
2,4,7.81,3,1,2.48,0.29,20,0,0,1
1,3,4.14,1,2,1.41,3.56,0,1,0,0
1,5,6.32,3,4,3.04,3.32,8,0,0,2
4,4,11.29,2,5,2.3,0.41,16,0,1,2
2,6,8.99,3,1,0.6,6.13,17,0,0,1
1,1,1.31,1,1,1.46,2.04,6,0,1,0
1,4,5.84,2,2,1.56,6.07,2,1,0,1
1,1,2.08,0,0,1.18,6.0,21,1,0,0
2,9,10.69,4,5,0.46,0.75,15,0,0,2
1,3,2.72,1,1,0.56,1.4,7,0,0,0
3,5,9.25,2,2,0.69,0.56,4,1,0,2
0,1,0.78,1,0,0.12,3.93,16,0,0,0
0,4,3.28,0,2,4.58,1.95,18,0,0,0
4,10,13.13,3,5,2.19,6.81,17,0,1,2
2,4,6.78,1,2,2.21,0.78,21,1,0,1
2,3,5.8,0,2,1.63,3.11,4,1,0,0
1,2,3.23,1,1,2.2,11.53,6,0,1,0
3,3,4.29,4,2,7.32,2.94,17,0,1,1
3,7,10.13,2,5,0.98,0.38,12,0,0,2
2,3,6.48,2,1,2.34,2.42,21,1,0,1
0,3,1.67,0,2,0.9,0.7,10,0,0,0
0,4,4.87,2,3,3.57,0.28,4,1,0,1
0,6,3.6,5,3,3.61,1.22,21,1,0,1
1,4,4.82,1,2,4.29,0.97,14,0,0,0
0,6,3.96,4,4,0.11,4.09,20,0,1,1
2,5,6.3,5,1,0.74,1.37,6,0,0,1
0,2,2.37,1,1,0.36,3.5,4,1,0,0
4,8,14.22,2,4,1.19,0.24,6,0,0,2
0,1,1.06,1,0,1.33,0.24,16,0,0,0
0,5,3.96,3,3,0.63,0.27,8,0,0,1
0,4,4.48,1,3,2.41,0.82,5,1,0,0
2,3,4.91,1,3,0.67,1.37,8,0,0,1
0,2,1.29,1,0,3.56,2.54,16,0,1,0
2,4,7.97,1,5,0.45,10.86,1,1,0,1
1,4,3.38,3,3,0.92,1.29,22,1,0,1
2,3,3.83,1,1,1.85,0.34,19,0,1,1
1,5,6.52,2,2,1.77,0.74,12,0,1,1
2,3,6.2,2,2,0.25,5.9,16,0,0,1
3,6,9.97,1,5,3.47,3.2,20,0,1,2
0,5,4.59,1,3,1.74,4.1,19,0,0,1
3,4,5.21,2,3,3.77,0.53,5,1,0,1
3,3,6.91,1,1,3.74,0.56,22,1,0,1
2,6,10.02,2,3,1.52,0.5,18,0,0,1
1,3,3.74,0,1,4.45,5.07,5,1,0,0
1,3,5.54,1,2,3.5,0.79,1,1,0,0
3,7,10.92,4,3,5.81,2.78,12,0,1,2
2,4,6.86,3,1,3.52,2.02,19,0,0,1
1,2,2.39,0,1,3.2,2.17,9,0,0,0
2,4,6.29,2,3,1.24,0.74,8,0,0,1
0,0,0.0,1,1,0.53,2.72,12,0,1,0
0,2,1.11,1,1,4.45,0.31,6,0,1,0
3,5,6.84,4,4,2.41,12.78,17,0,0,2
1,1,1.88,2,0,0.7,0.27,21,1,1,0
2,3,3.53,1,0,0.85,0.33,13,0,1,0
1,4,6.61,1,1,2.19,1.18,3,1,1,1
1,1,2.14,0,0,1.27,4.65,7,0,0,0
1,2,2.63,0,0,0.25,0.94,11,0,0,0
4,5,5.64,4,3,0.37,1.8,7,0,0,2
0,3,2.45,3,2,2.56,0.25,15,0,1,0
1,6,7.46,1,4,0.82,0.41,0,1,1,1
3,5,6.43,2,3,1.38,2.54,23,1,1,1
0,4,4.24,2,3,2.72,0.74,9,0,0,0
1,4,4.36,1,1,2.6,3.16,6,0,0,1
1,2,2.99,1,2,0.43,4.05,13,0,0,0
0,3,1.79,3,2,0.29,4.95,16,0,0,0
3,7,13.71,2,6,1.71,0.56,18,0,0,2
0,0,0.0,0,0,2.54,1.72,4,1,0,0
2,3,5.81,0,0,0.39,7.55,18,0,1,0
0,1,1.33,0,1,0.94,3.9,2,1,0,0
2,3,4.51,1,2,3.78,0.51,0,1,1,0
1,4,6.65,2,2,5.3,1.95,7,0,1,1
3,4,5.34,2,2,1.19,6.59,8,0,0,1
3,8,8.58,4,2,0.25,1.65,4,1,0,2
2,2,5.96,1,3,0.64,4.74,0,1,1,1
3,5,6.42,2,1,0.58,1.91,16,0,1,1
2,4,7.18,3,1,0.59,0.48,13,0,0,1
1,3,4.35,2,0,1.33,0.6,16,0,0,0
0,4,2.06,1,2,1.68,0.32,8,0,0,0
2,4,3.05,1,1,0.34,0.74,2,1,0,0
0,2,2.22,2,2,4.06,5.8,2,1,0,0
1,2,1.74,0,2,1.84,2.83,12,0,1,0
0,2,2.99,1,1,1.74,3.56,19,0,0,0
0,1,0.68,1,1,7.96,2.63,4,1,0,0
4,7,11.14,2,1,1.88,1.42,5,1,1,2
2,3,4.38,1,1,4.86,0.81,13,0,0,0
0,4,4.16,1,2,0.71,6.7,5,1,1,1
3,4,7.07,2,1,0.59,2.01,16,0,0,1
0,1,1.27,1,1,1.41,1.84,8,0,0,0
1,4,4.87,4,1,1.38,14.07,3,1,0,1
2,3,5.87,0,3,0.56,1.41,22,1,0,1
2,4,6.96,1,3,2.27,5.01,14,0,1,1
1,4,4.74,2,3,0.15,5.16,21,1,1,1
4,12,17.73,5,9,2.21,0.86,17,0,1,2
1,2,3.14,1,3,1.2,0.45,14,0,0,0
2,5,8.75,1,3,2.2,9.48,17,0,1,1
3,4,4.96,1,2,1.27,1.59,6,0,0,1
0,3,1.86,1,1,6.92,0.21,14,0,0,0
2,5,8.76,1,3,0.83,1.93,4,1,0,1
1,2,3.83,3,1,7.39,2.61,22,1,0,0
1,5,4.05,1,5,0.22,3.94,10,0,0,0
1,5,6.76,5,2,2.17,7.36,23,1,0,2
1,1,1.05,1,1,1.19,6.37,13,0,0,0
2,6,8.0,2,2,3.21,7.24,7,0,0,1
2,2,5.45,2,2,2.91,0.28,3,1,0,1
1,1,1.07,1,0,3.0,3.31,9,0,1,0
2,3,4.52,1,2,0.28,0.84,6,0,0,0
3,5,5.51,2,2,3.21,0.72,0,1,0,1
2,5,6.41,2,1,0.53,4.23,19,0,1,1
2,4,7.34,2,2,0.15,1.55,11,0,0,1
3,6,8.74,3,3,0.54,6.41,12,0,0,2
1,4,5.33,2,1,1.27,0.31,15,0,1,0
1,1,1.7,1,1,2.54,4.25,13,0,0,0
2,3,6.81,1,4,0.54,0.57,12,0,1,1
0,1,1.32,1,2,0.32,0.69,4,1,0,0
2,3,4.7,1,2,1.97,1.82,13,0,0,0
0,2,1.46,2,1,7.53,1.46,12,0,0,0
1,5,7.49,2,2,1.75,1.86,13,0,0,1
0,3,3.89,2,4,2.21,7.23,11,0,0,0
1,6,6.51,3,2,1.58,2.88,22,1,0,2
1,1,1.83,1,1,2.84,1.06,21,1,0,0
2,5,4.84,2,0,6.8,0.67,19,0,1,0
1,2,3.29,0,1,1.51,1.56,14,0,1,0
2,4,7.25,5,1,1.07,1.7,18,0,1,2
1,2,3.41,0,2,3.64,2.5,10,0,0,0
2,3,5.57,1,2,6.4,0.97,21,1,0,1
1,4,5.02,0,2,0.35,3.85,14,0,0,0
1,3,5.3,0,1,1.65,0.46,20,0,0,0
1,4,7.27,3,3,2.93,2.26,11,0,1,1
2,5,8.53,2,0,1.47,2.64,18,0,0,1
2,3,4.35,2,1,1.05,0.78,15,0,1,1
0,4,3.66,1,3,2.02,4.57,3,1,1,1
1,4,4.33,1,4,0.67,2.59,17,0,1,1
0,3,2.77,1,1,0.87,2.79,8,0,0,0
4,7,12.26,3,4,8.85,1.92,15,0,1,2
1,7,10.68,4,4,1.92,6.21,6,0,1,2
2,5,8.32,2,4,3.81,3.16,18,0,1,2
1,5,4.24,2,1,3.07,1.4,23,1,0,1
0,5,5.14,4,2,2.0,0.88,23,1,0,1
0,1,0.61,0,0,3.41,0.38,10,0,0,0
4,8,6.86,3,1,0.71,0.65,16,0,1,1
0,0,0.0,0,0,1.92,12.49,20,0,1,0
1,2,2.81,0,3,1.71,1.51,4,1,0,0
2,5,7.65,1,2,1.85,5.92,11,0,1,1
0,2,1.13,0,3,0.43,0.67,18,0,1,0
0,3,2.75,3,1,0.68,1.59,1,1,0,0
3,10,14.88,4,7,0.71,8.28,0,1,0,2
1,6,4.76,4,4,1.76,0.44,3,1,0,1
0,3,2.48,1,1,6.57,2.45,10,0,1,0
2,5,4.36,2,3,5.65,6.49,17,0,0,1
2,5,5.67,3,2,0.56,7.67,20,0,0,1
3,4,5.62,3,2,0.75,4.88,15,0,0,1
0,4,5.31,0,2,0.17,5.04,9,0,0,0
0,5,7.37,2,2,1.02,2.84,11,0,0,1
0,5,6.73,3,3,3.34,0.82,1,1,0,1
2,3,4.23,3,3,4.55,3.48,0,1,0,1
1,2,3.43,3,1,0.59,9.79,9,0,0,0
1,1,1.18,1,2,0.66,2.07,9,0,0,0
1,2,2.2,0,3,0.55,0.96,9,0,0,0
1,2,3.34,0,0,0.88,2.33,1,1,0,0
1,1,2.84,2,0,3.04,3.13,19,0,0,0
0,5,2.78,2,2,1.97,0.78,2,1,0,1
0,1,1.45,0,1,2.87,3.38,0,1,0,0
1,2,2.8,2,1,1.67,2.41,23,1,1,0
3,5,10.01,1,2,0.64,2.57,17,0,0,1
0,7,8.6,4,4,0.57,1.11,10,0,0,1
0,5,4.14,2,3,0.12,0.62,23,1,1,0
1,5,6.09,1,2,2.83,2.64,11,0,1,1
0,1,1.32,0,2,3.48,2.41,0,1,0,0
0,4,2.98,1,3,2.73,1.23,5,1,0,0
1,2,3.16,1,1,0.24,1.08,15,0,1,0
2,3,5.4,1,2,2.69,1.27,19,0,1,1
0,5,3.75,0,1,0.18,1.88,2,1,0,0
0,3,1.63,3,2,0.3,9.4,16,0,0,0
5,9,8.45,3,3,1.15,3.81,15,0,0,2
1,6,6.46,2,1,1.26,4.97,10,0,0,1
0,2,1.13,0,1,3.15,1.96,15,0,1,0
0,2,2.45,0,0,2.15,2.07,11,0,0,0
3,5,10.11,6,3,0.4,0.77,0,1,0,2
0,2,2.77,1,2,0.56,3.39,10,0,1,0
2,8,7.06,3,2,0.71,1.57,22,1,0,1
1,3,3.67,2,0,0.34,3.59,5,1,0,0
1,2,2.37,1,2,0.71,1.52,18,0,0,0
1,2,2.78,1,0,2.45,0.49,11,0,0,0
2,5,5.28,4,2,0.6,0.68,1,1,1,1
1,5,5.37,3,3,3.35,4.37,9,0,0,1
0,1,1.37,0,2,1.24,0.95,18,0,0,0
2,8,9.21,4,6,0.8,0.97,14,0,0,2
1,3,3.37,3,2,1.06,6.83,7,0,1,0
1,4,4.24,2,1,2.33,2.88,10,0,0,0
3,8,11.49,4,5,1.41,0.5,22,1,0,2
2,2,5.38,3,1,0.11,0.59,15,0,1,1
2,7,7.78,3,2,4.7,0.99,12,0,1,2
4,8,15.24,1,4,0.22,2.45,12,0,1,2
3,5,8.76,1,3,5.12,3.69,22,1,0,2
0,3,2.36,2,0,0.15,1.0,4,1,0,0
2,4,4.83,1,1,2.75,5.31,11,0,0,0
1,4,4.5,4,3,1.48,0.49,9,0,1,0
1,6,6.79,2,5,1.37,0.78,18,0,1,2
1,2,3.81,1,2,0.24,9.01,16,0,1,0
3,6,7.8,3,3,0.59,0.56,0,1,1,2
0,2,2.52,1,2,2.81,5.68,21,1,0,0
1,4,5.13,1,3,4.09,3.24,14,0,1,1
4,6,7.39,1,3,1.46,0.39,15,0,1,2
1,4,4.98,2,2,0.88,1.85,19,0,1,0
2,4,7.86,3,1,0.21,2.03,22,1,1,1
2,5,7.99,3,2,2.16,6.93,9,0,0,1
1,3,4.24,1,1,0.69,1.57,9,0,0,0
1,2,2.08,0,1,0.2,1.68,16,0,0,0
4,6,11.46,4,3,2.07,0.5,21,1,0,2
2,2,3.16,2,1,1.3,2.75,22,1,0,0
2,7,10.15,2,5,0.12,0.79,16,0,1,2
2,7,11.1,4,2,0.31,0.4,1,1,1,2
3,7,8.32,2,4,2.26,14.66,8,0,1,2
2,4,6.5,2,3,0.22,0.99,21,1,0,1
1,5,4.12,3,3,3.72,0.58,3,1,0,1
2,5,6.97,1,2,0.77,3.21,6,0,0,1
1,1,2.29,1,1,0.27,4.51,4,1,0,0
2,2,2.74,0,2,2.67,0.37,18,0,0,0
2,3,3.89,1,4,1.44,0.48,3,1,1,0
2,5,5.6,2,3,0.76,0.44,17,0,0,1
2,5,4.35,0,4,1.04,0.32,21,1,0,1
2,5,7.24,2,0,0.14,2.89,2,1,0,1
1,4,5.99,1,4,2.06,2.42,22,1,1,1
0,4,2.85,2,4,0.92,2.92,3,1,1,0
2,3,5.1,0,2,2.35,1.96,13,0,1,0
0,3,3.03,2,2,1.88,4.45,23,1,1,0
0,6,6.52,3,3,2.0,2.18,13,0,0,1
2,3,6.38,3,1,2.93,6.48,16,0,1,1
1,4,6.2,3,3,1.9,1.86,8,0,0,1
0,5,7.0,1,3,1.08,4.11,18,0,0,1
0,2,1.95,0,2,0.99,1.51,2,1,0,0
1,5,7.97,3,3,0.33,1.63,14,0,1,1
1,2,2.69,1,2,2.82,4.93,20,0,1,0
3,4,8.19,0,3,2.68,0.48,0,1,0,1
2,2,5.28,0,1,0.61,2.28,18,0,0,0
1,2,2.23,1,1,3.67,3.44,3,1,1,0
1,4,6.22,3,4,1.7,3.67,13,0,0,1
4,7,14.66,5,4,1.27,2.44,17,0,1,2
2,5,8.23,1,5,0.13,1.69,11,0,0,1
1,3,4.27,1,3,0.97,0.96,5,1,0,0
1,2,1.99,0,2,1.94,6.2,9,0,0,0
1,4,6.57,2,2,0.27,1.35,3,1,0,1
0,1,0.73,1,1,1.21,4.21,15,0,1,0
3,4,5.65,3,3,9.15,0.28,0,1,1,2
2,4,4.91,2,2,2.37,0.86,2,1,0,1
0,4,2.95,0,3,1.52,1.26,6,0,1,0
5,5,5.71,2,4,1.47,2.98,2,1,1,2
0,2,2.99,2,1,0.18,1.16,21,1,0,0
1,2,1.54,0,2,5.78,0.31,14,0,0,0
3,5,9.78,2,3,4.84,0.68,5,1,0,2
1,4,6.39,2,2,2.16,0.95,15,0,0,1
2,7,8.11,4,3,0.29,0.68,16,0,0,2
2,4,7.58,3,4,0.52,0.77,1,1,1,1
1,5,6.88,2,2,0.47,3.86,9,0,0,1
3,8,13.51,3,3,1.42,1.53,10,0,0,2
1,3,4.42,1,1,0.52,1.5,5,1,0,0
2,5,8.37,4,2,2.24,8.7,17,0,0,2
2,4,5.07,3,2,1.52,1.68,14,0,0,1
2,6,11.56,4,2,0.13,6.77,15,0,0,2
0,4,3.8,1,3,2.55,1.09,12,0,0,0
1,3,4.82,2,1,0.48,1.48,15,0,0,0
4,6,9.46,2,3,3.24,1.46,1,1,0,2
0,6,5.23,0,2,0.89,2.17,19,0,0,1
1,1,2.12,0,2,0.84,2.39,11,0,0,0
0,1,0.71,1,1,0.12,0.91,13,0,0,0
2,7,10.88,2,5,8.02,4.14,7,0,0,2
4,7,10.26,4,5,1.8,1.92,5,1,0,2
3,3,7.1,2,2,1.09,0.22,13,0,0,1
0,1,0.9,0,2,0.28,2.44,23,1,0,0
1,3,3.01,2,1,2.26,4.2,14,0,0,0
0,2,2.97,0,2,0.7,0.92,19,0,1,0
1,3,3.8,1,1,8.1,0.3,2,1,0,0
3,5,8.02,2,4,5.51,4.31,6,0,0,1
0,2,2.83,2,3,2.49,9.55,15,0,0,0
3,7,10.03,3,5,6.48,0.4,22,1,1,2
2,4,6.64,3,1,0.3,7.15,1,1,1,1
2,3,6.19,2,1,0.69,1.31,16,0,0,1
1,2,2.57,1,1,0.63,7.29,10,0,0,0
2,4,5.81,2,1,0.23,2.82,23,1,0,1
1,3,3.22,2,1,6.55,5.72,2,1,0,1
1,4,4.72,0,2,0.21,4.05,21,1,0,1
6,8,10.09,5,8,3.6,0.27,22,1,0,2
2,3,3.53,2,2,2.73,0.37,7,0,0,1
1,6,6.96,2,4,0.95,2.07,21,1,0,1
2,5,10.08,5,3,0.13,0.55,22,1,0,2
0,3,4.24,1,2,0.11,1.75,20,0,1,0
0,4,3.02,3,4,0.51,7.93,18,0,0,1
2,6,8.3,2,3,1.33,1.07,17,0,0,2
2,5,7.42,3,1,1.2,1.88,6,0,0,1
1,3,4.47,1,2,1.68,1.41,15,0,0,0
0,4,2.38,2,5,2.76,2.68,23,1,1,0
1,2,2.94,0,1,0.95,0.74,13,0,0,0
1,2,2.92,0,2,0.41,0.95,7,0,0,0
0,1,0.94,0,0,3.0,5.09,12,0,0,0
1,4,5.26,3,1,0.83,4.37,2,1,0,0
0,4,2.35,1,4,0.71,4.09,1,1,0,0
1,7,7.66,3,3,2.7,3.88,12,0,0,1
0,3,4.29,2,1,5.0,1.74,21,1,0,0
5,7,16.4,5,3,4.54,3.46,2,1,0,2
4,7,10.64,1,6,0.37,1.42,20,0,0,2
3,8,11.37,5,2,1.36,0.47,0,1,0,2
1,3,5.12,1,3,0.28,1.45,1,1,1,1
1,1,1.98,1,1,5.94,0.63,9,0,0,0
0,3,1.69,2,3,0.54,1.44,10,0,0,0
1,3,3.18,0,4,0.5,1.08,2,1,1,1
3,5,6.28,1,2,4.05,2.49,23,1,0,1
2,7,6.15,3,2,6.29,1.32,7,0,0,1
0,3,1.79,1,1,2.25,3.26,14,0,0,0
1,4,5.05,3,3,0.33,1.99,4,1,0,1
3,3,8.82,1,1,1.3,6.5,7,0,0,1
2,4,7.49,3,2,3.15,0.44,17,0,0,1
1,2,2.43,1,1,1.63,3.11,17,0,0,0
2,8,10.51,6,3,0.36,2.99,11,0,0,2
1,4,6.49,2,1,0.44,7.72,3,1,1,1
2,4,4.86,3,3,3.69,1.36,7,0,0,1
2,3,5.8,0,3,1.45,1.11,1,1,1,1
0,2,2.91,1,1,2.3,0.67,19,0,1,0
2,5,5.96,1,3,0.94,0.97,23,1,0,1
1,6,8.75,2,4,1.47,1.94,2,1,0,1
1,2,3.22,1,2,6.9,4.75,7,0,0,0
2,2,3.46,2,1,0.82,1.04,11,0,0,1
1,1,2.0,0,1,2.12,0.63,1,1,1,0
1,6,8.47,2,4,0.44,0.99,16,0,0,1
0,1,0.61,1,1,0.33,0.47,13,0,0,0
1,4,4.68,0,2,2.86,6.73,13,0,0,0
2,3,3.9,1,1,3.45,5.35,5,1,0,1
1,6,5.11,3,2,2.09,1.12,7,0,0,0
3,8,13.68,1,4,0.41,0.91,9,0,0,2
2,2,3.75,2,1,0.6,6.1,23,1,0,0
0,3,3.93,2,2,4.46,0.2,17,0,0,0
0,2,2.65,2,1,0.71,2.49,0,1,0,0
2,5,9.31,1,4,3.18,6.39,6,0,0,1
3,6,9.22,4,1,0.71,1.98,6,0,0,2
0,5,2.86,1,3,5.15,0.21,12,0,0,0
2,3,4.41,1,2,4.53,0.82,15,0,0,1
2,4,4.48,1,2,0.18,6.59,11,0,0,1
2,2,5.72,2,1,2.75,0.24,18,0,0,1
0,5,7.33,3,4,0.43,1.46,5,1,0,1
2,7,10.56,0,3,0.54,4.1,6,0,0,2
2,4,8.04,0,4,1.21,4.75,16,0,0,1
0,5,5.2,1,4,1.65,1.82,18,0,0,0
0,0,0.0,0,1,0.81,0.86,4,1,0,0
1,4,5.57,2,3,1.64,2.49,2,1,0,1
1,5,6.38,3,3,0.44,0.97,23,1,0,1
1,7,9.97,5,4,0.14,0.94,21,1,1,2
1,4,4.38,4,4,1.62,4.32,17,0,0,1
2,5,10.33,3,2,1.41,0.62,16,0,0,2
3,5,7.19,0,1,2.21,0.21,20,0,0,1
1,5,5.71,2,2,1.99,1.23,10,0,0,1
3,3,3.56,1,2,4.2,1.89,8,0,0,1
2,5,5.26,2,2,1.21,3.25,16,0,0,1
3,5,7.01,2,4,0.12,4.0,18,0,0,1
2,9,5.86,6,4,1.89,2.92,12,0,1,2
4,7,7.79,4,5,2.12,2.66,5,1,0,2
2,4,5.75,0,1,1.43,2.94,20,0,1,1
1,4,6.19,1,2,2.2,0.99,3,1,1,0
1,5,6.17,3,1,0.8,1.4,17,0,1,1
0,3,1.86,2,1,0.39,2.6,11,0,1,0
1,2,1.99,1,1,2.07,0.37,3,1,0,0
1,1,2.39,1,2,0.61,1.08,4,1,0,0
3,11,17.87,5,5,1.2,1.5,11,0,0,2
1,2,2.97,1,2,1.32,2.11,17,0,0,0
0,5,4.79,1,2,1.27,1.87,16,0,0,0
2,3,3.92,3,0,1.74,3.37,22,1,1,0
0,3,3.04,2,2,0.15,1.8,22,1,0,0
0,1,1.33,0,0,8.33,6.06,23,1,0,0
2,3,3.29,2,3,2.37,1.4,9,0,0,1
2,3,4.82,2,2,1.1,2.06,5,1,0,1
1,2,2.79,2,1,0.48,0.21,16,0,0,0
1,2,2.36,0,2,0.25,1.13,7,0,0,0
0,3,2.71,4,1,2.11,5.24,1,1,1,0
1,3,3.14,0,2,0.79,1.21,11,0,0,0
1,10,12.71,4,6,0.57,0.93,2,1,0,2
1,3,4.56,2,3,0.96,2.16,23,1,0,0
4,9,17.33,3,4,1.72,0.41,19,0,1,2
2,5,9.46,2,2,2.1,2.1,20,0,0,1
2,4,7.55,3,2,1.97,1.1,22,1,0,1
1,4,4.12,2,4,3.68,1.41,6,0,1,0
5,8,12.78,3,6,0.54,4.12,0,1,0,2
1,4,5.21,1,2,1.92,2.91,16,0,0,0
3,5,5.45,0,4,0.29,1.68,7,0,0,1
1,6,8.21,1,5,1.53,2.35,9,0,0,1
2,5,7.96,4,2,1.68,3.84,16,0,1,1
2,4,6.12,2,3,0.54,3.62,15,0,0,1
0,3,3.03,3,1,0.99,0.71,9,0,1,0
1,5,5.01,0,2,3.26,1.09,14,0,0,0
3,7,8.35,3,2,0.39,1.27,15,0,0,2
2,2,2.5,0,1,1.13,0.72,17,0,0,0
2,3,4.99,2,3,4.96,0.23,3,1,0,1
2,6,4.33,2,3,1.36,0.68,6,0,0,1
0,2,2.96,0,0,2.42,4.33,11,0,0,0
4,8,13.18,3,3,3.26,2.17,22,1,0,2
0,3,3.29,1,2,0.51,1.25,11,0,1,0
2,3,5.01,2,2,0.54,2.54,22,1,0,1
1,4,3.72,2,2,2.66,3.57,20,0,0,0
0,0,0.0,1,0,2.62,1.29,0,1,0,0
0,1,0.55,2,1,0.21,1.77,20,0,1,0
2,3,4.24,1,3,0.8,0.37,23,1,0,0
2,5,6.99,2,3,1.02,2.47,11,0,0,1
0,2,2.44,2,2,3.28,1.3,22,1,1,0
0,3,2.62,2,3,1.09,1.62,6,0,1,0
2,4,7.19,0,3,4.78,1.57,14,0,0,1
2,6,9.56,4,4,10.34,2.7,1,1,1,2
1,5,8.86,0,3,2.83,2.32,0,1,0,2
2,7,10.74,2,3,2.08,1.57,3,1,1,2
1,5,5.72,1,3,1.0,0.24,7,0,0,1
3,6,8.52,1,4,0.22,2.63,16,0,0,2
1,3,4.8,0,1,1.63,5.49,17,0,1,0
1,5,8.53,0,4,0.91,3.87,22,1,0,2
6,6,13.52,2,4,0.88,10.19,4,1,0,2
1,3,5.48,1,2,2.19,0.57,5,1,0,0
1,2,2.46,0,2,1.22,0.83,11,0,0,0
2,4,6.51,2,2,2.61,2.14,23,1,0,1
0,2,1.56,0,2,1.01,0.87,15,0,0,0
1,3,5.37,0,2,0.39,0.29,8,0,1,0
0,6,8.78,2,5,1.21,1.49,14,0,0,1
0,6,3.87,2,3,5.53,1.05,7,0,1,0
1,4,6.32,1,3,3.01,0.97,11,0,0,1
3,6,7.94,2,7,0.51,7.85,13,0,0,2
2,3,6.32,2,1,0.99,0.88,16,0,0,1
0,5,4.72,2,3,4.83,0.55,13,0,1,0
2,4,6.01,3,1,0.34,0.53,19,0,0,1
1,4,4.84,2,3,0.63,4.3,4,1,0,1
3,5,8.2,2,3,0.65,3.34,12,0,0,2
2,4,4.78,1,4,1.62,0.55,5,1,1,1
1,2,3.96,2,2,1.05,0.82,13,0,0,0
0,4,5.13,1,1,0.25,3.64,5,1,0,0
3,4,6.15,2,1,1.89,1.0,2,1,1,1
3,4,8.63,1,3,0.29,10.18,15,0,0,1
2,3,4.47,2,2,1.78,2.14,11,0,1,1
2,5,8.8,4,2,1.37,0.73,13,0,1,2
0,3,2.04,3,1,1.33,5.09,1,1,0,0
0,6,4.54,1,3,0.23,1.16,17,0,0,0
1,4,5.58,1,0,1.94,1.05,6,0,0,0
1,2,1.9,2,2,1.12,1.19,4,1,1,0
1,5,7.01,2,4,1.05,3.85,11,0,0,1
1,3,4.3,1,3,1.73,0.68,16,0,1,1
2,6,5.22,3,1,1.78,1.4,11,0,0,1
1,2,3.83,1,0,0.13,0.28,20,0,0,0
2,7,8.55,5,4,0.34,4.58,10,0,0,2
0,1,1.4,1,2,0.59,1.24,0,1,0,0
2,6,7.32,2,3,2.14,0.91,8,0,0,1
1,8,8.1,3,3,1.65,2.37,7,0,0,1
1,4,5.75,3,1,2.65,3.25,13,0,0,1
3,5,7.53,2,3,2.53,4.39,3,1,0,2
1,3,4.66,2,2,3.55,1.27,10,0,0,0
2,5,8.17,4,1,0.95,4.38,16,0,0,1
0,4,5.18,2,2,0.86,1.76,7,0,0,0
1,5,5.15,2,3,3.3,0.47,20,0,0,1
1,9,12.0,4,4,0.59,4.88,0,1,1,2
1,3,4.75,2,2,1.21,2.18,17,0,0,1
2,3,5.17,0,3,0.49,2.51,4,1,1,0
1,5,5.74,2,3,4.51,7.13,7,0,0,1
2,6,8.72,3,4,1.04,2.25,7,0,1,2
2,10,9.74,4,7,0.53,0.21,8,0,0,2
2,4,7.3,3,4,2.22,5.31,17,0,0,1
1,2,2.19,1,1,0.61,1.04,6,0,0,0
1,4,5.54,4,1,5.27,1.94,9,0,0,0
0,4,5.72,1,3,0.92,0.77,20,0,0,0
1,2,3.03,0,1,2.07,1.08,15,0,0,0
0,2,2.68,1,3,0.86,3.1,2,1,0,0
1,2,2.8,1,0,3.06,1.6,9,0,0,0
2,5,7.37,2,4,4.19,2.67,7,0,1,1
1,2,3.49,0,2,2.89,4.54,17,0,0,0
0,1,0.57,1,1,3.5,1.24,3,1,0,0
1,5,3.89,2,2,0.29,2.3,11,0,0,1
2,3,5.12,2,4,4.74,3.96,20,0,0,1
2,7,8.36,4,3,1.86,3.34,4,1,0,2
0,1,0.81,1,0,3.76,2.14,3,1,0,0
2,4,5.47,1,1,2.18,1.41,18,0,0,1
2,5,5.72,2,5,0.51,1.51,18,0,0,1
1,5,4.24,2,3,1.79,1.62,4,1,0,0
0,3,4.48,2,2,0.27,1.27,14,0,1,0
1,7,6.92,4,4,2.24,3.2,11,0,1,1
2,5,5.66,2,4,1.05,0.54,12,0,0,1
2,4,5.32,0,3,0.4,8.76,5,1,0,1
3,5,11.31,1,3,7.07,3.97,16,0,0,2
2,6,8.83,2,4,4.26,1.09,19,0,0,2
1,3,5.03,2,2,4.13,0.31,9,0,0,1
0,1,0.84,1,0,2.9,3.31,13,0,0,0
2,8,6.76,2,2,2.22,3.51,14,0,0,1
0,2,1.66,1,0,2.02,8.48,9,0,1,0
2,4,6.68,3,2,0.3,0.93,5,1,1,1
4,7,7.53,3,4,4.25,0.42,15,0,1,2
2,4,7.72,1,3,3.93,6.37,1,1,0,1
0,2,1.47,1,3,2.58,0.95,9,0,1,0
2,4,5.87,2,2,4.82,3.4,4,1,0,1
1,4,4.45,3,3,1.55,0.36,8,0,0,0
1,4,5.29,1,2,1.17,3.77,18,0,1,1
2,6,9.98,2,2,6.29,0.54,18,0,1,2
3,8,14.3,3,4,1.22,3.17,8,0,1,2
0,0,0.0,0,1,1.95,2.1,15,0,0,0
4,5,6.69,3,1,0.94,7.98,18,0,0,2
1,1,2.51,0,1,1.92,0.29,19,0,0,0
0,2,1.47,1,0,2.39,1.06,3,1,1,0
0,3,4.42,0,1,1.86,0.38,4,1,0,0
2,6,8.67,2,4,1.4,5.48,17,0,0,1
0,3,2.86,2,3,0.74,2.45,7,0,0,0
4,5,6.41,1,3,1.96,2.11,12,0,0,1
1,4,5.84,1,2,4.4,0.55,8,0,1,0
0,4,2.66,2,4,0.11,1.88,9,0,0,0
3,6,10.48,3,2,0.36,1.47,3,1,0,2
1,2,3.14,0,2,0.33,1.15,18,0,1,0
1,1,1.63,1,1,4.72,3.9,3,1,0,0
1,5,5.21,1,4,2.06,0.36,12,0,1,1
1,5,7.85,1,4,5.56,2.8,22,1,1,2
2,5,8.21,2,4,1.67,4.53,16,0,0,1
0,2,1.89,0,1,1.21,6.15,10,0,0,0
2,5,8.56,5,3,2.93,3.63,1,1,0,1
4,6,11.07,1,4,0.42,1.03,4,1,0,2
0,5,4.04,3,3,0.96,2.49,12,0,0,0
2,3,6.45,2,2,1.23,0.58,21,1,0,1
1,1,1.01,2,0,0.74,0.51,2,1,0,0
2,5,6.41,2,2,0.94,2.74,18,0,0,1
1,4,4.57,3,2,0.25,4.96,22,1,0,1
2,5,6.39,4,4,0.5,0.37,18,0,0,1
2,6,9.95,1,4,0.84,0.48,15,0,0,2
0,6,3.87,2,2,2.96,2.28,15,0,0,0
3,6,8.3,1,5,0.46,0.82,2,1,0,2
0,1,0.72,1,0,0.87,2.57,22,1,1,0
3,7,9.27,3,3,0.22,0.8,8,0,0,2
2,3,5.25,1,1,1.57,0.51,18,0,1,0
1,3,3.02,2,3,1.8,2.17,23,1,0,0
5,6,9.91,0,4,3.71,5.15,0,1,0,2
0,4,2.76,3,2,3.18,3.09,13,0,1,0
1,3,5.27,0,2,0.7,4.47,23,1,0,0
1,3,3.64,2,1,0.37,0.97,10,0,0,0
0,1,0.8,0,1,0.41,5.63,17,0,0,0
1,6,7.86,2,3,6.35,1.38,19,0,0,1
1,1,1.42,1,0,2.11,4.98,6,0,0,0
1,4,5.49,1,4,0.18,1.79,5,1,0,1
2,6,7.2,2,4,0.36,0.98,11,0,0,1
2,3,6.85,3,1,1.3,0.95,23,1,1,1
1,2,3.29,0,1,0.52,2.3,1,1,1,0
1,4,3.84,3,0,3.03,0.41,12,0,0,1
2,3,4.54,0,1,1.63,6.85,19,0,1,0
0,3,3.82,0,2,1.81,0.99,0,1,0,0
0,0,0.0,0,0,1.22,1.22,22,1,0,0
2,3,5.62,4,2,0.63,0.86,14,0,1,1
1,3,5.95,1,2,1.7,0.21,19,0,0,0
1,4,5.56,3,2,2.37,3.15,7,0,0,0
1,5,4.34,5,5,0.93,2.43,17,0,0,1
0,2,1.92,1,1,1.37,4.35,14,0,0,0
0,3,1.64,2,2,3.4,0.3,7,0,0,0
2,5,5.22,3,2,0.39,6.8,1,1,1,1
0,3,3.26,1,1,1.52,1.2,10,0,0,0
0,3,2.43,0,1,0.87,6.31,7,0,0,0
1,2,2.87,1,1,2.28,0.48,12,0,0,0
3,5,10.21,3,4,0.13,3.61,0,1,1,2
0,3,2.76,2,3,2.1,2.36,17,0,0,0
3,5,6.03,1,3,0.3,1.31,4,1,0,1
3,7,10.58,2,3,0.22,0.41,0,1,1,2
2,4,5.87,3,2,2.42,2.52,11,0,0,1
1,1,2.99,0,0,1.94,0.27,4,1,0,0
1,7,7.84,4,2,4.16,1.94,20,0,0,2
2,6,8.96,0,3,1.42,2.52,15,0,0,1
1,7,7.45,4,4,1.46,3.5,22,1,0,1
3,7,9.57,5,1,2.31,12.07,17,0,0,2
1,6,8.72,2,1,0.8,0.95,1,1,0,2
1,7,6.43,1,3,0.17,1.17,14,0,1,1
1,2,2.61,1,1,0.57,1.24,21,1,0,0
3,6,8.58,2,3,0.59,3.49,10,0,0,2
2,3,3.13,1,1,0.84,6.91,9,0,1,0
0,5,7.49,3,2,5.27,9.36,2,1,0,1
3,12,14.44,3,5,3.04,7.49,12,0,0,2
2,4,6.42,1,1,5.05,5.49,12,0,0,0
2,2,4.06,2,1,11.94,11.97,23,1,0,1
3,3,5.8,2,0,1.12,1.38,2,1,0,1
2,5,7.57,2,3,0.56,7.61,9,0,0,1
1,3,3.8,2,1,1.58,3.78,3,1,1,1
3,7,6.74,4,3,3.93,0.66,13,0,0,2
3,5,8.13,2,1,1.23,0.32,22,1,0,1
1,4,5.29,1,1,1.37,0.8,16,0,0,0
3,7,11.47,0,3,0.36,3.97,0,1,1,2
2,3,3.99,2,4,1.08,2.7,14,0,0,1
2,3,3.16,2,3,0.98,0.84,21,1,1,1
2,5,7.43,3,0,0.88,3.59,20,0,0,1
2,5,8.35,1,3,4.03,0.58,1,1,0,1
4,8,13.34,3,3,0.21,4.51,17,0,0,2
1,1,2.02,1,0,6.55,4.15,6,0,0,0
1,7,7.55,2,4,0.11,9.19,21,1,0,2
1,6,8.89,1,2,5.34,0.61,12,0,0,1
2,4,4.86,2,2,1.53,6.13,23,1,1,1
0,2,1.89,2,2,2.28,1.24,2,1,1,0
1,3,3.48,0,2,0.47,1.54,2,1,0,0
0,3,3.21,2,4,2.01,1.78,12,0,1,0
4,7,13.98,3,5,3.95,2.66,20,0,0,2
2,5,6.89,2,4,0.37,13.33,3,1,0,2
4,5,12.7,3,2,0.34,2.49,15,0,0,2
2,3,4.12,2,0,0.75,6.73,7,0,0,0
1,7,8.34,1,4,0.42,0.94,21,1,0,2
1,4,5.81,1,5,0.31,1.47,7,0,0,1
3,3,7.57,2,2,2.14,1.96,15,0,1,1
3,5,8.75,0,5,0.53,1.17,22,1,0,2
1,4,4.75,2,1,2.08,9.62,1,1,1,0
0,3,4.15,2,1,3.66,3.43,8,0,0,0
2,4,7.37,1,1,2.0,1.83,12,0,0,1
3,7,6.68,3,3,0.33,3.68,21,1,1,2
2,3,6.64,1,3,1.63,1.78,21,1,0,1
0,2,1.75,0,1,1.0,0.24,11,0,1,0
0,1,1.32,1,2,0.86,2.16,1,1,0,0
2,6,8.41,4,3,0.79,2.65,8,0,1,2
0,5,5.84,2,3,4.87,10.14,0,1,0,1
1,3,4.45,2,3,2.54,0.3,5,1,0,0
1,5,4.33,0,1,0.36,1.99,23,1,0,0
0,2,1.78,0,2,1.26,0.46,1,1,1,0
1,4,5.95,0,1,0.79,0.6,2,1,0,0
1,5,5.84,3,2,6.97,2.56,14,0,1,1
2,6,7.2,2,3,6.97,0.86,6,0,0,1
2,6,9.97,1,5,0.79,3.66,12,0,0,2
0,2,2.38,2,2,0.88,2.0,15,0,0,0
3,3,3.88,0,2,1.75,0.82,12,0,0,0
0,3,1.85,1,3,1.27,1.9,11,0,0,0
1,3,3.55,1,1,0.53,0.2,16,0,0,0
2,4,7.06,1,3,2.04,5.16,20,0,1,1
3,5,9.89,2,2,0.83,0.23,10,0,0,2
0,3,3.08,1,1,2.01,0.22,21,1,0,0
1,4,5.36,1,2,0.97,2.56,6,0,0,0
1,3,4.02,2,1,2.27,9.28,12,0,1,0
1,1,1.22,2,0,2.08,5.04,9,0,0,0
1,6,9.78,4,2,1.38,0.93,9,0,0,2
1,5,8.5,3,2,2.3,0.75,12,0,0,1
1,3,3.71,2,2,1.21,2.66,22,1,1,0
3,5,4.78,2,3,0.32,4.52,18,0,1,1
0,1,0.76,1,1,0.46,1.32,22,1,1,0
2,3,5.14,2,1,0.61,1.62,16,0,1,1
1,2,3.42,1,2,0.22,0.51,19,0,0,0
1,6,7.71,1,2,2.34,0.61,6,0,0,1
3,6,8.53,4,3,0.92,2.3,22,1,0,2
2,5,6.53,3,2,0.28,0.47,3,1,0,1
0,3,3.7,2,2,3.19,0.76,16,0,0,0
0,1,0.52,0,1,2.17,0.87,23,1,0,0
0,2,1.79,0,2,1.18,1.67,3,1,0,0
1,3,4.42,1,3,0.61,0.32,17,0,0,0
1,4,5.9,2,3,0.4,1.93,19,0,0,1
3,6,10.87,1,2,1.2,6.8,7,0,0,2
1,2,2.56,1,1,4.0,0.26,7,0,1,0
1,2,1.82,0,3,0.48,2.69,20,0,0,0
2,4,3.39,1,2,1.61,4.72,15,0,1,0
2,3,4.45,2,3,5.97,1.14,14,0,0,0
1,3,3.43,2,2,1.92,0.55,17,0,0,0
3,3,6.51,0,3,1.14,0.31,22,1,0,1
0,4,2.18,2,4,2.37,2.78,18,0,0,0
2,6,9.99,0,4,3.23,2.21,5,1,1,2
3,6,4.73,1,0,1.71,0.85,8,0,0,1
3,6,6.06,3,3,3.8,4.65,15,0,1,1
2,7,8.8,4,5,1.4,3.52,20,0,0,2
2,3,3.53,2,3,3.29,1.01,8,0,0,0
3,5,5.02,2,2,5.57,3.7,19,0,0,1
1,1,2.28,1,1,1.35,0.9,16,0,0,0
0,2,2.6,0,2,1.77,3.01,3,1,0,0
1,1,2.51,0,1,1.79,0.52,14,0,0,0
1,6,6.87,1,5,2.84,3.15,10,0,1,1
1,3,3.41,2,3,3.22,0.88,13,0,0,0
3,6,9.02,1,5,0.15,2.32,16,0,0,2
0,2,2.52,0,0,2.48,0.67,12,0,1,0
2,6,10.18,3,2,2.86,3.44,8,0,0,2
1,4,5.22,0,1,2.27,0.36,23,1,0,0
2,4,5.25,0,4,2.35,0.65,15,0,0,1
0,1,1.41,0,1,0.18,0.71,7,0,1,0
0,2,2.77,0,0,1.15,0.31,13,0,0,0
2,5,9.82,3,2,3.17,3.62,14,0,0,2
0,2,1.95,1,1,4.99,10.1,6,0,1,0
2,2,4.52,0,2,0.57,3.97,10,0,1,0
1,3,4.05,1,2,1.66,5.13,2,1,0,0
2,3,6.88,2,2,3.04,0.22,6,0,1,1
2,5,8.11,2,0,2.61,0.51,21,1,1,1
1,6,6.32,3,5,1.84,2.25,4,1,0,1
2,2,3.27,1,1,0.13,9.73,8,0,0,0
0,4,3.83,1,3,2.42,2.9,19,0,0,0
0,3,3.36,3,0,2.77,1.37,18,0,0,0
1,6,5.0,3,1,2.41,0.59,12,0,0,1
2,4,7.65,1,0,2.71,0.61,18,0,0,0
1,4,4.15,1,2,1.11,1.33,15,0,1,0
0,2,2.75,1,2,9.24,3.33,1,1,0,0
1,4,4.64,1,1,2.75,0.28,0,1,0,0
1,2,3.16,2,1,1.66,4.98,2,1,0,0
1,3,3.05,3,3,5.0,7.3,23,1,0,1
0,3,3.53,1,1,4.4,5.69,11,0,1,0
0,3,2.14,1,1,3.13,6.31,5,1,0,0
